{"level":"info","message":"environment path: .env.development","timestamp":"2026-04-06T01:00:11.913Z"}
{"level":"info","message":"Server is running on port 4004","timestamp":"2026-04-06T01:00:11.916Z"}
{"level":"info","message":"Client connected: G9gGFTQHc7TiYz59AAAF","timestamp":"2026-04-06T01:00:39.634Z"}
{"level":"info","message":"Client disconnected: G9gGFTQHc7TiYz59AAAF","timestamp":"2026-04-06T01:00:43.403Z"}
{"level":"info","message":"Client connected: xz_in2X_IKpib-VVAAAH","timestamp":"2026-04-06T01:00:43.634Z"}
{"level":"info","message":"Client connected: WJI94BC5itt8QsVDAAAL","timestamp":"2026-04-06T01:01:09.729Z"}
{"level":"info","message":"ws:join_channel:9b3f0e1e-d681-4a4b-bf56-68c1c1f28862","timestamp":"2026-04-06T01:01:17.758Z"}
{"level":"info","message":"ws:join_channel:9b3f0e1e-d681-4a4b-bf56-68c1c1f28862","timestamp":"2026-04-06T01:01:23.691Z"}
{"level":"info","message":"ws:send_message channel:9b3f0e1e-d681-4a4b-bf56-68c1c1f28862 content:gd","timestamp":"2026-04-06T01:01:25.783Z"}
{"level":"info","message":"ws:send_message channel:9b3f0e1e-d681-4a4b-bf56-68c1c1f28862 content:ㅎㅇㅎㅇ","timestamp":"2026-04-06T01:01:30.722Z"}
{"level":"info","message":"ws:leave_channel:9b3f0e1e-d681-4a4b-bf56-68c1c1f28862","timestamp":"2026-04-06T01:01:37.529Z"}
{"level":"info","message":"Client disconnected: xz_in2X_IKpib-VVAAAH","timestamp":"2026-04-06T01:01:51.219Z"}
{"level":"info","message":"Client connected: J6GeH0KWa7vMJx29AAAN","timestamp":"2026-04-06T01:01:51.468Z"}
{"level":"info","message":"environment path: .env.development","timestamp":"2026-04-06T01:02:17.988Z"}
{"level":"info","message":"Server is running on port 4004","timestamp":"2026-04-06T01:02:17.988Z"}
{"level":"info","message":"Client connected: l8QvjZT3NSfXXlqWAAAB","timestamp":"2026-04-06T01:02:17.999Z"}
{"level":"info","message":"Client connected: jusWPquNbBhysnDOAAAD","timestamp":"2026-04-06T01:02:18.161Z"}
{"level":"info","message":"Client disconnected: jusWPquNbBhysnDOAAAD","timestamp":"2026-04-06T01:02:19.910Z"}
{"level":"info","message":"Client connected: OlN1FAJ2kE85wtdOAAAF","timestamp":"2026-04-06T01:02:20.411Z"}
{"level":"info","message":"ws:send_message channel:9b3f0e1e-d681-4a4b-bf56-68c1c1f28862 content:ㅎㅎ","timestamp":"2026-04-06T01:02:23.515Z"}
{"level":"error","message":"Channel info not found: 9b3f0e1e-d681-4a4b-bf56-68c1c1f28862","timestamp":"2026-04-06T01:02:23.517Z"}
{"level":"info","message":"ws:leave_channel:9b3f0e1e-d681-4a4b-bf56-68c1c1f28862","timestamp":"2026-04-06T01:02:25.583Z"}
{"level":"info","message":"Client disconnected: l8QvjZT3NSfXXlqWAAAB","timestamp":"2026-04-06T01:02:25.736Z"}
{"level":"info","message":"Client connected: IiSEYyEqubaUex7JAAAH","timestamp":"2026-04-06T01:02:26.020Z"}
{"level":"info","message":"ws:join_channel:9b3f0e1e-d681-4a4b-bf56-68c1c1f28862","timestamp":"2026-04-06T01:02:26.175Z"}
{"level":"info","message":"ws:send_message channel:9b3f0e1e-d681-4a4b-bf56-68c1c1f28862 content:ㅎㅎ","timestamp":"2026-04-06T01:02:27.787Z"}
{"level":"info","message":"Client disconnected: OlN1FAJ2kE85wtdOAAAF","timestamp":"2026-04-06T01:02:29.157Z"}
{"level":"info","message":"Client connected: DFMiXWZT1HTFZIp0AAAJ","timestamp":"2026-04-06T01:02:29.708Z"}
{"level":"info","message":"ws:join_channel:9b3f0e1e-d681-4a4b-bf56-68c1c1f28862","timestamp":"2026-04-06T01:02:31.318Z"}
{"level":"info","message":"ws:leave_channel:9b3f0e1e-d681-4a4b-bf56-68c1c1f28862","timestamp":"2026-04-06T01:02:36.038Z"}
{"level":"info","message":"environment path: .env.development","timestamp":"2026-04-06T01:02:49.186Z"}
{"level":"info","message":"Server is running on port 4004","timestamp":"2026-04-06T01:02:49.186Z"}
{"level":"info","message":"Client connected: 3CHYwCfdUbXFo8DbAAAB","timestamp":"2026-04-06T01:02:49.955Z"}
{"level":"info","message":"Client connected: _kGhGCrEZzRoHiXdAAAD","timestamp":"2026-04-06T01:02:50.160Z"}
{"level":"info","message":"Client disconnected: _kGhGCrEZzRoHiXdAAAD","timestamp":"2026-04-06T01:02:50.652Z"}
{"level":"info","message":"Client connected: 5tyuVL_nwQLx04JkAAAF","timestamp":"2026-04-06T01:02:51.193Z"}
{"level":"info","message":"ws:leave_channel:9b3f0e1e-d681-4a4b-bf56-68c1c1f28862","timestamp":"2026-04-06T01:02:51.561Z"}
{"level":"info","message":"Client disconnected: 3CHYwCfdUbXFo8DbAAAB","timestamp":"2026-04-06T01:02:51.704Z"}
{"level":"info","message":"Client connected: WtaaN0-4yeE1VxvWAAAH","timestamp":"2026-04-06T01:02:52.327Z"}
{"level":"info","message":"ws:join_channel:9b3f0e1e-d681-4a4b-bf56-68c1c1f28862","timestamp":"2026-04-06T01:02:52.374Z"}
{"level":"info","message":"Client disconnected: 5tyuVL_nwQLx04JkAAAF","timestamp":"2026-04-06T01:03:30.727Z"}
{"level":"info","message":"Client connected: H_fDXamfqsMBwGorAAAJ","timestamp":"2026-04-06T01:03:31.422Z"}
{"level":"info","message":"ws:join_channel:2a6ea0a7-2fdf-4126-80ea-13c1a3824b3d","timestamp":"2026-04-06T01:04:15.702Z"}
{"level":"info","message":"ws:leave_channel:2a6ea0a7-2fdf-4126-80ea-13c1a3824b3d","timestamp":"2026-04-06T01:04:15.990Z"}
{"level":"info","message":"ws:join_channel:9b3f0e1e-d681-4a4b-bf56-68c1c1f28862","timestamp":"2026-04-06T01:04:17.090Z"}
{"level":"info","message":"ws:leave_channel:9b3f0e1e-d681-4a4b-bf56-68c1c1f28862","timestamp":"2026-04-06T01:05:03.150Z"}
{"level":"info","message":"Client disconnected: H_fDXamfqsMBwGorAAAJ","timestamp":"2026-04-06T01:05:03.310Z"}
{"level":"info","message":"Client connected: vAsnwZ6asozDnB4zAAAL","timestamp":"2026-04-06T01:05:03.889Z"}
{"level":"info","message":"ws:join_channel:9b3f0e1e-d681-4a4b-bf56-68c1c1f28862","timestamp":"2026-04-06T01:05:04.082Z"}
{"level":"info","message":"ws:leave_channel:9b3f0e1e-d681-4a4b-bf56-68c1c1f28862","timestamp":"2026-04-06T01:05:06.152Z"}
{"level":"info","message":"Client disconnected: vAsnwZ6asozDnB4zAAAL","timestamp":"2026-04-06T01:05:06.259Z"}
{"level":"info","message":"Client connected: JSAAdaob-vnWs9H2AAAN","timestamp":"2026-04-06T01:05:06.876Z"}
{"level":"info","message":"ws:join_channel:9b3f0e1e-d681-4a4b-bf56-68c1c1f28862","timestamp":"2026-04-06T01:05:07.027Z"}
{"level":"info","message":"ws:leave_channel:9b3f0e1e-d681-4a4b-bf56-68c1c1f28862","timestamp":"2026-04-06T01:05:13.444Z"}
{"level":"info","message":"Client disconnected: JSAAdaob-vnWs9H2AAAN","timestamp":"2026-04-06T01:05:13.588Z"}
{"level":"info","message":"Client connected: l7s7bZPThIsHRrh4AAAP","timestamp":"2026-04-06T01:05:14.231Z"}
{"level":"info","message":"ws:join_channel:9b3f0e1e-d681-4a4b-bf56-68c1c1f28862","timestamp":"2026-04-06T01:05:14.432Z"}
{"level":"info","message":"ws:leave_channel:9b3f0e1e-d681-4a4b-bf56-68c1c1f28862","timestamp":"2026-04-06T01:05:24.622Z"}
{"level":"info","message":"Client disconnected: l7s7bZPThIsHRrh4AAAP","timestamp":"2026-04-06T01:05:24.751Z"}
{"level":"info","message":"Client connected: ddJuU5YSVIwOQ1eOAAAR","timestamp":"2026-04-06T01:05:25.095Z"}
{"level":"info","message":"ws:join_channel:9b3f0e1e-d681-4a4b-bf56-68c1c1f28862","timestamp":"2026-04-06T01:05:26.318Z"}
{"level":"info","message":"ws:leave_channel:9b3f0e1e-d681-4a4b-bf56-68c1c1f28862","timestamp":"2026-04-06T01:06:09.866Z"}
{"level":"info","message":"Client disconnected: ddJuU5YSVIwOQ1eOAAAR","timestamp":"2026-04-06T01:06:10.520Z"}
{"level":"info","message":"Client connected: YfMToTGAMqA8wt76AAAT","timestamp":"2026-04-06T01:06:11.409Z"}
{"level":"info","message":"ws:join_channel:9b3f0e1e-d681-4a4b-bf56-68c1c1f28862","timestamp":"2026-04-06T01:06:11.459Z"}
{"level":"info","message":"ws:leave_channel:9b3f0e1e-d681-4a4b-bf56-68c1c1f28862","timestamp":"2026-04-06T01:08:36.778Z"}
{"level":"info","message":"Client disconnected: YfMToTGAMqA8wt76AAAT","timestamp":"2026-04-06T01:08:37.279Z"}
{"level":"info","message":"Client connected: m-Y1KOFsFlk1Cny6AAAV","timestamp":"2026-04-06T01:08:38.118Z"}
{"level":"info","message":"ws:join_channel:9b3f0e1e-d681-4a4b-bf56-68c1c1f28862","timestamp":"2026-04-06T01:08:38.340Z"}
{"level":"info","message":"ws:leave_channel:9b3f0e1e-d681-4a4b-bf56-68c1c1f28862","timestamp":"2026-04-06T01:11:59.528Z"}
{"level":"info","message":"Client disconnected: m-Y1KOFsFlk1Cny6AAAV","timestamp":"2026-04-06T01:12:00.052Z"}
{"level":"info","message":"Client connected: WGWz3XgbobkoUYObAAAX","timestamp":"2026-04-06T01:12:00.864Z"}
{"level":"info","message":"ws:join_channel:9b3f0e1e-d681-4a4b-bf56-68c1c1f28862","timestamp":"2026-04-06T01:12:00.903Z"}
{"level":"info","message":"ws:leave_channel:9b3f0e1e-d681-4a4b-bf56-68c1c1f28862","timestamp":"2026-04-06T01:12:02.577Z"}
{"level":"info","message":"Client disconnected: WGWz3XgbobkoUYObAAAX","timestamp":"2026-04-06T01:12:02.693Z"}
{"level":"info","message":"Client connected: w6ZuBBHUuT8r_uakAAAZ","timestamp":"2026-04-06T01:12:03.307Z"}
{"level":"info","message":"ws:join_channel:9b3f0e1e-d681-4a4b-bf56-68c1c1f28862","timestamp":"2026-04-06T01:12:03.531Z"}
{"level":"info","message":"ws:leave_channel:9b3f0e1e-d681-4a4b-bf56-68c1c1f28862","timestamp":"2026-04-06T01:12:08.303Z"}
{"level":"info","message":"Client disconnected: w6ZuBBHUuT8r_uakAAAZ","timestamp":"2026-04-06T01:12:08.506Z"}
{"level":"info","message":"Client connected: 8mL2SFxVbzzZx90YAAAb","timestamp":"2026-04-06T01:12:09.119Z"}
{"level":"info","message":"ws:join_channel:9b3f0e1e-d681-4a4b-bf56-68c1c1f28862","timestamp":"2026-04-06T01:12:09.318Z"}
{"level":"info","message":"ws:leave_channel:9b3f0e1e-d681-4a4b-bf56-68c1c1f28862","timestamp":"2026-04-06T01:12:17.298Z"}
{"level":"info","message":"Client disconnected: 8mL2SFxVbzzZx90YAAAb","timestamp":"2026-04-06T01:12:17.471Z"}
{"level":"info","message":"Client connected: C3bCFd3D6G5KhxD0AAAd","timestamp":"2026-04-06T01:12:18.233Z"}
{"level":"info","message":"ws:join_channel:9b3f0e1e-d681-4a4b-bf56-68c1c1f28862","timestamp":"2026-04-06T01:12:18.393Z"}
{"level":"info","message":"ws:leave_channel:9b3f0e1e-d681-4a4b-bf56-68c1c1f28862","timestamp":"2026-04-06T01:13:03.103Z"}
{"level":"info","message":"Client disconnected: C3bCFd3D6G5KhxD0AAAd","timestamp":"2026-04-06T01:13:03.336Z"}
{"level":"info","message":"Client connected: Meuz1mG_qmXPSIDLAAAf","timestamp":"2026-04-06T01:13:03.989Z"}
{"level":"info","message":"ws:join_channel:9b3f0e1e-d681-4a4b-bf56-68c1c1f28862","timestamp":"2026-04-06T01:13:04.209Z"}
{"level":"info","message":"Client disconnected: WtaaN0-4yeE1VxvWAAAH","timestamp":"2026-04-06T01:13:16.330Z"}
{"level":"info","message":"Client disconnected: Meuz1mG_qmXPSIDLAAAf","timestamp":"2026-04-06T01:13:16.330Z"}
{"level":"info","message":"Client connected: QvVZ5VATOAxVXV3CAAAi","timestamp":"2026-04-06T01:13:19.537Z"}
{"level":"info","message":"Client connected: hP5OSk259mLfFzzOAAAj","timestamp":"2026-04-06T01:13:19.561Z"}
{"level":"info","message":"ws:leave_channel:9b3f0e1e-d681-4a4b-bf56-68c1c1f28862","timestamp":"2026-04-06T01:13:19.579Z"}
{"level":"info","message":"ws:leave_channel:9b3f0e1e-d681-4a4b-bf56-68c1c1f28862","timestamp":"2026-04-06T01:13:19.587Z"}
{"level":"info","message":"ws:join_channel:9b3f0e1e-d681-4a4b-bf56-68c1c1f28862","timestamp":"2026-04-06T01:13:19.719Z"}
{"level":"info","message":"ws:join_channel:9b3f0e1e-d681-4a4b-bf56-68c1c1f28862","timestamp":"2026-04-06T01:13:19.725Z"}
{"level":"info","message":"Client disconnected: QvVZ5VATOAxVXV3CAAAi","timestamp":"2026-04-06T01:13:20.126Z"}
{"level":"info","message":"Client disconnected: hP5OSk259mLfFzzOAAAj","timestamp":"2026-04-06T01:13:20.128Z"}
{"level":"info","message":"Client connected: elaQLyewmMqXo152AAAl","timestamp":"2026-04-06T01:13:20.880Z"}
{"level":"info","message":"Client connected: hyMQajoq3WhVC4RUAAAn","timestamp":"2026-04-06T01:13:20.897Z"}
{"level":"info","message":"ws:join_channel:9b3f0e1e-d681-4a4b-bf56-68c1c1f28862","timestamp":"2026-04-06T01:13:20.929Z"}
{"level":"info","message":"ws:join_channel:9b3f0e1e-d681-4a4b-bf56-68c1c1f28862","timestamp":"2026-04-06T01:13:21.056Z"}
{"level":"info","message":"ws:leave_channel:9b3f0e1e-d681-4a4b-bf56-68c1c1f28862","timestamp":"2026-04-06T01:13:41.418Z"}
{"level":"info","message":"Client disconnected: hyMQajoq3WhVC4RUAAAn","timestamp":"2026-04-06T01:13:41.517Z"}
{"level":"info","message":"Client connected: _VMcZVz2IapbLY55AAAp","timestamp":"2026-04-06T01:13:42.087Z"}
{"level":"info","message":"ws:join_channel:9b3f0e1e-d681-4a4b-bf56-68c1c1f28862","timestamp":"2026-04-06T01:13:42.300Z"}
{"level":"info","message":"ws:leave_channel:9b3f0e1e-d681-4a4b-bf56-68c1c1f28862","timestamp":"2026-04-06T01:13:55.148Z"}
{"level":"info","message":"Client disconnected: _VMcZVz2IapbLY55AAAp","timestamp":"2026-04-06T01:13:55.291Z"}
{"level":"info","message":"Client connected: PmfT7-cAEYNQJpPTAAAr","timestamp":"2026-04-06T01:13:55.774Z"}
{"level":"info","message":"ws:join_channel:9b3f0e1e-d681-4a4b-bf56-68c1c1f28862","timestamp":"2026-04-06T01:13:55.983Z"}
{"level":"info","message":"ws:leave_channel:9b3f0e1e-d681-4a4b-bf56-68c1c1f28862","timestamp":"2026-04-06T01:14:01.242Z"}
{"level":"info","message":"Client disconnected: PmfT7-cAEYNQJpPTAAAr","timestamp":"2026-04-06T01:14:01.351Z"}
{"level":"info","message":"Client connected: A4NKtbLGNObR2uXPAAAt","timestamp":"2026-04-06T01:14:01.959Z"}
{"level":"info","message":"ws:join_channel:9b3f0e1e-d681-4a4b-bf56-68c1c1f28862","timestamp":"2026-04-06T01:14:02.287Z"}
{"level":"info","message":"ws:leave_channel:9b3f0e1e-d681-4a4b-bf56-68c1c1f28862","timestamp":"2026-04-06T01:15:04.831Z"}
{"level":"info","message":"Client disconnected: A4NKtbLGNObR2uXPAAAt","timestamp":"2026-04-06T01:15:05.345Z"}
{"level":"info","message":"Client connected: TmrvzKawwqpXGaIpAAAv","timestamp":"2026-04-06T01:15:06.011Z"}
{"level":"info","message":"ws:join_channel:9b3f0e1e-d681-4a4b-bf56-68c1c1f28862","timestamp":"2026-04-06T01:15:06.265Z"}
{"level":"info","message":"ws:leave_channel:9b3f0e1e-d681-4a4b-bf56-68c1c1f28862","timestamp":"2026-04-06T01:15:12.547Z"}
{"level":"info","message":"Client disconnected: TmrvzKawwqpXGaIpAAAv","timestamp":"2026-04-06T01:15:12.719Z"}
{"level":"info","message":"Client connected: fwbB3sAnYa7jLOQyAAAx","timestamp":"2026-04-06T01:15:13.324Z"}
{"level":"info","message":"ws:join_channel:9b3f0e1e-d681-4a4b-bf56-68c1c1f28862","timestamp":"2026-04-06T01:15:13.528Z"}
{"level":"info","message":"ws:leave_channel:9b3f0e1e-d681-4a4b-bf56-68c1c1f28862","timestamp":"2026-04-06T01:15:15.790Z"}
{"level":"info","message":"Client disconnected: fwbB3sAnYa7jLOQyAAAx","timestamp":"2026-04-06T01:15:15.886Z"}
{"level":"info","message":"Client connected: 6jlixw696uT0z0W3AAAz","timestamp":"2026-04-06T01:15:16.352Z"}
{"level":"info","message":"ws:join_channel:9b3f0e1e-d681-4a4b-bf56-68c1c1f28862","timestamp":"2026-04-06T01:15:16.525Z"}
{"level":"info","message":"ws:leave_channel:9b3f0e1e-d681-4a4b-bf56-68c1c1f28862","timestamp":"2026-04-06T01:15:18.235Z"}
{"level":"info","message":"Client disconnected: 6jlixw696uT0z0W3AAAz","timestamp":"2026-04-06T01:15:18.337Z"}
{"level":"info","message":"Client connected: urjpIUJqrXsDtG9EAAA1","timestamp":"2026-04-06T01:15:18.895Z"}
{"level":"info","message":"ws:join_channel:9b3f0e1e-d681-4a4b-bf56-68c1c1f28862","timestamp":"2026-04-06T01:15:19.074Z"}
{"level":"info","message":"ws:leave_channel:9b3f0e1e-d681-4a4b-bf56-68c1c1f28862","timestamp":"2026-04-06T01:15:20.596Z"}
{"level":"info","message":"Client disconnected: urjpIUJqrXsDtG9EAAA1","timestamp":"2026-04-06T01:15:20.706Z"}
{"level":"info","message":"Client connected: 91WXcsxzlL2ESV7TAAA3","timestamp":"2026-04-06T01:15:21.186Z"}
{"level":"info","message":"ws:join_channel:9b3f0e1e-d681-4a4b-bf56-68c1c1f28862","timestamp":"2026-04-06T01:15:21.374Z"}
{"level":"info","message":"ws:leave_channel:9b3f0e1e-d681-4a4b-bf56-68c1c1f28862","timestamp":"2026-04-06T01:15:22.982Z"}
{"level":"info","message":"Client disconnected: 91WXcsxzlL2ESV7TAAA3","timestamp":"2026-04-06T01:15:23.077Z"}
{"level":"info","message":"Client connected: iVzmMOlzncovbDwLAAA5","timestamp":"2026-04-06T01:15:23.524Z"}
{"level":"info","message":"ws:join_channel:9b3f0e1e-d681-4a4b-bf56-68c1c1f28862","timestamp":"2026-04-06T01:15:23.718Z"}
{"level":"info","message":"ws:leave_channel:9b3f0e1e-d681-4a4b-bf56-68c1c1f28862","timestamp":"2026-04-06T01:15:29.057Z"}
{"level":"info","message":"Client disconnected: iVzmMOlzncovbDwLAAA5","timestamp":"2026-04-06T01:15:29.152Z"}
{"level":"info","message":"Client connected: Ans4C5jasetq84fnAAA7","timestamp":"2026-04-06T01:15:29.611Z"}
{"level":"info","message":"ws:join_channel:9b3f0e1e-d681-4a4b-bf56-68c1c1f28862","timestamp":"2026-04-06T01:15:29.799Z"}
{"level":"info","message":"ws:leave_channel:9b3f0e1e-d681-4a4b-bf56-68c1c1f28862","timestamp":"2026-04-06T01:15:30.726Z"}
{"level":"info","message":"Client disconnected: Ans4C5jasetq84fnAAA7","timestamp":"2026-04-06T01:15:30.895Z"}
{"level":"info","message":"Client connected: JVfkABHw5IzMkrV9AAA9","timestamp":"2026-04-06T01:15:31.275Z"}
{"level":"info","message":"ws:join_channel:9b3f0e1e-d681-4a4b-bf56-68c1c1f28862","timestamp":"2026-04-06T01:15:31.501Z"}
{"level":"info","message":"ws:send_message channel:9b3f0e1e-d681-4a4b-bf56-68c1c1f28862 content:ㅋㅋ","timestamp":"2026-04-06T01:15:35.249Z"}
{"level":"info","message":"ws:leave_channel:9b3f0e1e-d681-4a4b-bf56-68c1c1f28862","timestamp":"2026-04-06T01:15:39.571Z"}
{"level":"info","message":"Client disconnected: elaQLyewmMqXo152AAAl","timestamp":"2026-04-06T01:15:39.680Z"}
{"level":"info","message":"Client connected: wJEUA39G2MbEAmogAAA_","timestamp":"2026-04-06T01:15:39.905Z"}
{"level":"info","message":"ws:join_channel:9b3f0e1e-d681-4a4b-bf56-68c1c1f28862","timestamp":"2026-04-06T01:15:40.215Z"}
{"level":"info","message":"ws:leave_channel:9b3f0e1e-d681-4a4b-bf56-68c1c1f28862","timestamp":"2026-04-06T01:15:40.915Z"}
{"level":"info","message":"Client disconnected: wJEUA39G2MbEAmogAAA_","timestamp":"2026-04-06T01:15:41.012Z"}
{"level":"info","message":"Client connected: 0JkM29TblRWpDGmXAABB","timestamp":"2026-04-06T01:15:41.211Z"}
{"level":"info","message":"ws:join_channel:9b3f0e1e-d681-4a4b-bf56-68c1c1f28862","timestamp":"2026-04-06T01:15:41.380Z"}
{"level":"info","message":"ws:leave_channel:9b3f0e1e-d681-4a4b-bf56-68c1c1f28862","timestamp":"2026-04-06T01:17:03.044Z"}
{"level":"info","message":"Client disconnected: JVfkABHw5IzMkrV9AAA9","timestamp":"2026-04-06T01:17:03.706Z"}
{"level":"info","message":"Client connected: NajtTEb0kkq8Qo-dAABD","timestamp":"2026-04-06T01:17:04.515Z"}
{"level":"info","message":"ws:join_channel:9b3f0e1e-d681-4a4b-bf56-68c1c1f28862","timestamp":"2026-04-06T01:17:04.621Z"}
{"level":"info","message":"ws:leave_channel:9b3f0e1e-d681-4a4b-bf56-68c1c1f28862","timestamp":"2026-04-06T01:17:05.231Z"}
{"level":"info","message":"Client disconnected: NajtTEb0kkq8Qo-dAABD","timestamp":"2026-04-06T01:17:05.322Z"}
{"level":"info","message":"Client connected: HMapH4FL5cBD6M1BAABF","timestamp":"2026-04-06T01:17:05.690Z"}
{"level":"info","message":"ws:join_channel:9b3f0e1e-d681-4a4b-bf56-68c1c1f28862","timestamp":"2026-04-06T01:17:05.944Z"}
{"level":"info","message":"ws:leave_channel:9b3f0e1e-d681-4a4b-bf56-68c1c1f28862","timestamp":"2026-04-06T01:17:07.192Z"}
{"level":"info","message":"Client disconnected: HMapH4FL5cBD6M1BAABF","timestamp":"2026-04-06T01:17:07.320Z"}
{"level":"info","message":"Client connected: CPQxheNsDWy6prkdAABH","timestamp":"2026-04-06T01:17:07.693Z"}
{"level":"info","message":"ws:join_channel:9b3f0e1e-d681-4a4b-bf56-68c1c1f28862","timestamp":"2026-04-06T01:17:08.014Z"}
{"level":"info","message":"ws:leave_channel:9b3f0e1e-d681-4a4b-bf56-68c1c1f28862","timestamp":"2026-04-06T01:17:10.465Z"}
{"level":"info","message":"Client disconnected: CPQxheNsDWy6prkdAABH","timestamp":"2026-04-06T01:17:10.591Z"}
{"level":"info","message":"Client connected: ndXydBHxJ34updksAABJ","timestamp":"2026-04-06T01:17:11.165Z"}
{"level":"info","message":"ws:join_channel:9b3f0e1e-d681-4a4b-bf56-68c1c1f28862","timestamp":"2026-04-06T01:17:11.356Z"}
{"level":"info","message":"ws:leave_channel:9b3f0e1e-d681-4a4b-bf56-68c1c1f28862","timestamp":"2026-04-06T01:17:12.302Z"}
{"level":"info","message":"Client disconnected: ndXydBHxJ34updksAABJ","timestamp":"2026-04-06T01:17:12.401Z"}
{"level":"info","message":"Client connected: sdtegdbYh_hO6F5-AABL","timestamp":"2026-04-06T01:17:12.805Z"}
{"level":"info","message":"ws:join_channel:9b3f0e1e-d681-4a4b-bf56-68c1c1f28862","timestamp":"2026-04-06T01:17:13.000Z"}
{"level":"info","message":"ws:leave_channel:9b3f0e1e-d681-4a4b-bf56-68c1c1f28862","timestamp":"2026-04-06T01:17:19.503Z"}
{"level":"info","message":"Client disconnected: sdtegdbYh_hO6F5-AABL","timestamp":"2026-04-06T01:17:19.652Z"}
{"level":"info","message":"Client connected: Ffr2H51hwh89oJ7cAABN","timestamp":"2026-04-06T01:17:20.162Z"}
{"level":"info","message":"ws:join_channel:9b3f0e1e-d681-4a4b-bf56-68c1c1f28862","timestamp":"2026-04-06T01:17:20.327Z"}
{"level":"info","message":"ws:leave_channel:9b3f0e1e-d681-4a4b-bf56-68c1c1f28862","timestamp":"2026-04-06T01:17:21.934Z"}
{"level":"info","message":"Client disconnected: Ffr2H51hwh89oJ7cAABN","timestamp":"2026-04-06T01:17:22.062Z"}
{"level":"info","message":"Client connected: mHWyF7516_B0svv2AABP","timestamp":"2026-04-06T01:17:22.552Z"}
{"level":"info","message":"ws:join_channel:9b3f0e1e-d681-4a4b-bf56-68c1c1f28862","timestamp":"2026-04-06T01:17:22.735Z"}
{"level":"info","message":"ws:leave_channel:9b3f0e1e-d681-4a4b-bf56-68c1c1f28862","timestamp":"2026-04-06T01:17:34.200Z"}
{"level":"info","message":"Client disconnected: mHWyF7516_B0svv2AABP","timestamp":"2026-04-06T01:17:34.398Z"}
{"level":"info","message":"Client connected: g3Rd29gH4M5UR7ioAABR","timestamp":"2026-04-06T01:17:34.967Z"}
{"level":"info","message":"ws:join_channel:9b3f0e1e-d681-4a4b-bf56-68c1c1f28862","timestamp":"2026-04-06T01:17:35.186Z"}
{"level":"info","message":"ws:leave_channel:9b3f0e1e-d681-4a4b-bf56-68c1c1f28862","timestamp":"2026-04-06T01:22:05.118Z"}
{"level":"info","message":"Client disconnected: 0JkM29TblRWpDGmXAABB","timestamp":"2026-04-06T01:22:05.125Z"}
{"level":"info","message":"ws:leave_channel:9b3f0e1e-d681-4a4b-bf56-68c1c1f28862","timestamp":"2026-04-06T01:22:05.126Z"}
{"level":"info","message":"Client disconnected: g3Rd29gH4M5UR7ioAABR","timestamp":"2026-04-06T01:22:05.191Z"}
{"level":"info","message":"Client connected: Cs_o0uUbFotFgMEcAABV","timestamp":"2026-04-06T01:22:20.635Z"}
{"level":"info","message":"Client disconnected: Cs_o0uUbFotFgMEcAABV","timestamp":"2026-04-06T01:22:20.744Z"}
{"level":"info","message":"Client connected: uUyAlwS15TICGa8FAABX","timestamp":"2026-04-06T01:22:21.273Z"}
{"level":"info","message":"Client connected: TfNRPv8Llce577xzAABZ","timestamp":"2026-04-06T01:22:26.186Z"}
{"level":"info","message":"Client disconnected: TfNRPv8Llce577xzAABZ","timestamp":"2026-04-06T01:22:26.291Z"}
{"level":"info","message":"Client connected: Xo-xDcvdgG9bM1tKAABb","timestamp":"2026-04-06T01:22:32.129Z"}
{"level":"info","message":"ws:join_channel:9b3f0e1e-d681-4a4b-bf56-68c1c1f28862","timestamp":"2026-04-06T01:22:32.262Z"}
{"level":"info","message":"Client disconnected: Xo-xDcvdgG9bM1tKAABb","timestamp":"2026-04-06T01:26:31.878Z"}
{"level":"info","message":"Client connected: a3oGCBPeIEbbepD-AABd","timestamp":"2026-04-06T01:26:36.535Z"}
{"level":"info","message":"Client disconnected: a3oGCBPeIEbbepD-AABd","timestamp":"2026-04-06T01:26:36.536Z"}
{"level":"info","message":"Client connected: BkSixksI4VhKnf4_AABf","timestamp":"2026-04-06T01:26:41.571Z"}
{"level":"info","message":"ws:join_channel:9b3f0e1e-d681-4a4b-bf56-68c1c1f28862","timestamp":"2026-04-06T01:26:41.784Z"}
{"level":"info","message":"ws:join_channel:9b3f0e1e-d681-4a4b-bf56-68c1c1f28862","timestamp":"2026-04-06T01:26:52.874Z"}
{"level":"info","message":"ws:leave_channel:9b3f0e1e-d681-4a4b-bf56-68c1c1f28862","timestamp":"2026-04-06T01:26:53.856Z"}
{"level":"info","message":"Client disconnected: uUyAlwS15TICGa8FAABX","timestamp":"2026-04-06T01:26:53.986Z"}
{"level":"info","message":"Client connected: _z4Y4jKnmn7oIvSqAABh","timestamp":"2026-04-06T01:26:54.756Z"}
{"level":"info","message":"ws:join_channel:9b3f0e1e-d681-4a4b-bf56-68c1c1f28862","timestamp":"2026-04-06T01:26:54.992Z"}
{"level":"info","message":"ws:leave_channel:9b3f0e1e-d681-4a4b-bf56-68c1c1f28862","timestamp":"2026-04-06T01:26:56.299Z"}
{"level":"info","message":"Client disconnected: _z4Y4jKnmn7oIvSqAABh","timestamp":"2026-04-06T01:26:56.384Z"}
{"level":"info","message":"Client connected: 1sZ6faEceVjiR66KAABj","timestamp":"2026-04-06T01:26:57.101Z"}
{"level":"info","message":"ws:join_channel:9b3f0e1e-d681-4a4b-bf56-68c1c1f28862","timestamp":"2026-04-06T01:26:57.282Z"}
{"level":"info","message":"ws:leave_channel:9b3f0e1e-d681-4a4b-bf56-68c1c1f28862","timestamp":"2026-04-06T01:27:02.958Z"}
{"level":"info","message":"Client disconnected: 1sZ6faEceVjiR66KAABj","timestamp":"2026-04-06T01:27:03.076Z"}
{"level":"info","message":"Client connected: Tx_B9m_5ORGxIxCSAABl","timestamp":"2026-04-06T01:27:03.624Z"}
{"level":"info","message":"ws:join_channel:9b3f0e1e-d681-4a4b-bf56-68c1c1f28862","timestamp":"2026-04-06T01:27:03.708Z"}
{"level":"info","message":"ws:leave_channel:9b3f0e1e-d681-4a4b-bf56-68c1c1f28862","timestamp":"2026-04-06T01:27:07.190Z"}
{"level":"info","message":"Client disconnected: Tx_B9m_5ORGxIxCSAABl","timestamp":"2026-04-06T01:27:07.288Z"}
{"level":"info","message":"Client connected: NwQ5JmOrH3a6f2l-AABn","timestamp":"2026-04-06T01:27:07.805Z"}
{"level":"info","message":"ws:join_channel:9b3f0e1e-d681-4a4b-bf56-68c1c1f28862","timestamp":"2026-04-06T01:27:07.993Z"}
{"level":"info","message":"ws:leave_channel:9b3f0e1e-d681-4a4b-bf56-68c1c1f28862","timestamp":"2026-04-06T01:27:19.814Z"}
{"level":"info","message":"Client disconnected: BkSixksI4VhKnf4_AABf","timestamp":"2026-04-06T01:27:19.970Z"}
{"level":"info","message":"Client connected: FM4o822qlG_HYxdMAABp","timestamp":"2026-04-06T01:27:20.228Z"}
{"level":"info","message":"ws:join_channel:9b3f0e1e-d681-4a4b-bf56-68c1c1f28862","timestamp":"2026-04-06T01:27:20.378Z"}
{"level":"info","message":"ws:leave_channel:9b3f0e1e-d681-4a4b-bf56-68c1c1f28862","timestamp":"2026-04-06T01:27:37.535Z"}
{"level":"info","message":"Client disconnected: FM4o822qlG_HYxdMAABp","timestamp":"2026-04-06T01:27:37.683Z"}
{"level":"info","message":"Client connected: 2r1PHF0hqS7aRbFJAABr","timestamp":"2026-04-06T01:27:37.930Z"}
{"level":"info","message":"ws:join_channel:9b3f0e1e-d681-4a4b-bf56-68c1c1f28862","timestamp":"2026-04-06T01:27:38.065Z"}
{"level":"info","message":"ws:leave_channel:9b3f0e1e-d681-4a4b-bf56-68c1c1f28862","timestamp":"2026-04-06T01:27:39.259Z"}
{"level":"info","message":"Client disconnected: 2r1PHF0hqS7aRbFJAABr","timestamp":"2026-04-06T01:27:39.343Z"}
{"level":"info","message":"Client connected: rWmMkY-uVLwQuz-dAABt","timestamp":"2026-04-06T01:27:39.567Z"}
{"level":"info","message":"ws:join_channel:9b3f0e1e-d681-4a4b-bf56-68c1c1f28862","timestamp":"2026-04-06T01:27:39.759Z"}
{"level":"info","message":"ws:leave_channel:9b3f0e1e-d681-4a4b-bf56-68c1c1f28862","timestamp":"2026-04-06T01:27:40.185Z"}
{"level":"info","message":"Client disconnected: rWmMkY-uVLwQuz-dAABt","timestamp":"2026-04-06T01:27:40.289Z"}
{"level":"info","message":"Client connected: 1IYFGVJeIV5LZ0OuAABv","timestamp":"2026-04-06T01:27:40.496Z"}
{"level":"info","message":"ws:join_channel:9b3f0e1e-d681-4a4b-bf56-68c1c1f28862","timestamp":"2026-04-06T01:27:40.664Z"}
{"level":"info","message":"ws:leave_channel:9b3f0e1e-d681-4a4b-bf56-68c1c1f28862","timestamp":"2026-04-06T01:27:49.789Z"}
{"level":"info","message":"Client disconnected: 1IYFGVJeIV5LZ0OuAABv","timestamp":"2026-04-06T01:27:49.873Z"}
{"level":"info","message":"Client connected: c22Vc9Q2lu4DzDqdAABx","timestamp":"2026-04-06T01:27:50.082Z"}
{"level":"info","message":"ws:join_channel:9b3f0e1e-d681-4a4b-bf56-68c1c1f28862","timestamp":"2026-04-06T01:27:50.266Z"}
{"level":"info","message":"ws:send_message channel:9b3f0e1e-d681-4a4b-bf56-68c1c1f28862 content:아오","timestamp":"2026-04-06T01:28:18.432Z"}
{"level":"info","message":"ws:leave_channel:9b3f0e1e-d681-4a4b-bf56-68c1c1f28862","timestamp":"2026-04-06T01:30:17.815Z"}
{"level":"info","message":"ws:leave_channel:9b3f0e1e-d681-4a4b-bf56-68c1c1f28862","timestamp":"2026-04-06T01:30:17.833Z"}
{"level":"info","message":"ws:join_channel:9b3f0e1e-d681-4a4b-bf56-68c1c1f28862","timestamp":"2026-04-06T01:30:17.866Z"}
{"level":"info","message":"ws:join_channel:9b3f0e1e-d681-4a4b-bf56-68c1c1f28862","timestamp":"2026-04-06T01:30:17.930Z"}
{"level":"info","message":"ws:send_message channel:9b3f0e1e-d681-4a4b-bf56-68c1c1f28862 content:zz","timestamp":"2026-04-06T01:31:05.280Z"}
{"level":"info","message":"ws:send_message channel:9b3f0e1e-d681-4a4b-bf56-68c1c1f28862 content:음","timestamp":"2026-04-06T01:31:08.384Z"}
{"level":"info","message":"ws:leave_channel:9b3f0e1e-d681-4a4b-bf56-68c1c1f28862","timestamp":"2026-04-06T01:31:11.448Z"}
{"level":"info","message":"Client disconnected: NwQ5JmOrH3a6f2l-AABn","timestamp":"2026-04-06T01:31:13.405Z"}
{"level":"info","message":"Client connected: wWcixGYTQlvnLkkkAABz","timestamp":"2026-04-06T01:31:14.234Z"}
{"level":"info","message":"ws:join_channel:9b3f0e1e-d681-4a4b-bf56-68c1c1f28862","timestamp":"2026-04-06T01:31:14.533Z"}
{"level":"info","message":"ws:send_message channel:9b3f0e1e-d681-4a4b-bf56-68c1c1f28862 content:음","timestamp":"2026-04-06T01:31:16.648Z"}
{"level":"info","message":"ws:send_message channel:9b3f0e1e-d681-4a4b-bf56-68c1c1f28862 content:하","timestamp":"2026-04-06T01:31:19.398Z"}
{"level":"info","message":"ws:send_message channel:9b3f0e1e-d681-4a4b-bf56-68c1c1f28862 content:스크롤이","timestamp":"2026-04-06T01:31:23.195Z"}
{"level":"info","message":"ws:send_message channel:9b3f0e1e-d681-4a4b-bf56-68c1c1f28862 content:항상 문제네요","timestamp":"2026-04-06T01:31:24.749Z"}
{"level":"info","message":"ws:send_message channel:9b3f0e1e-d681-4a4b-bf56-68c1c1f28862 content:정말","timestamp":"2026-04-06T01:31:25.399Z"}
{"level":"info","message":"ws:leave_channel:9b3f0e1e-d681-4a4b-bf56-68c1c1f28862","timestamp":"2026-04-06T01:31:27.799Z"}
{"level":"info","message":"Client disconnected: c22Vc9Q2lu4DzDqdAABx","timestamp":"2026-04-06T01:31:27.959Z"}
{"level":"info","message":"Client connected: uYkbQrRzcO0QDl9VAAB1","timestamp":"2026-04-06T01:31:28.237Z"}
{"level":"info","message":"ws:join_channel:9b3f0e1e-d681-4a4b-bf56-68c1c1f28862","timestamp":"2026-04-06T01:31:28.378Z"}
{"level":"info","message":"ws:send_message channel:9b3f0e1e-d681-4a4b-bf56-68c1c1f28862 content:9","timestamp":"2026-04-06T01:55:10.232Z"}
{"level":"info","message":"ws:leave_channel:9b3f0e1e-d681-4a4b-bf56-68c1c1f28862","timestamp":"2026-04-06T02:14:30.917Z"}
{"level":"info","message":"Client disconnected: wWcixGYTQlvnLkkkAABz","timestamp":"2026-04-06T02:14:35.409Z"}
{"level":"info","message":"Client connected: 9gHOgqFYVtJS-Me9AAB3","timestamp":"2026-04-06T02:14:36.185Z"}
{"level":"info","message":"ws:join_channel:9b3f0e1e-d681-4a4b-bf56-68c1c1f28862","timestamp":"2026-04-06T02:14:36.414Z"}
{"level":"info","message":"ws:leave_channel:9b3f0e1e-d681-4a4b-bf56-68c1c1f28862","timestamp":"2026-04-06T02:14:38.293Z"}
{"level":"info","message":"ws:join_channel:9b3f0e1e-d681-4a4b-bf56-68c1c1f28862","timestamp":"2026-04-06T02:14:39.385Z"}
{"level":"info","message":"ws:send_message channel:9b3f0e1e-d681-4a4b-bf56-68c1c1f28862 content:88","timestamp":"2026-04-06T02:14:41.391Z"}
{"level":"info","message":"ws:leave_channel:9b3f0e1e-d681-4a4b-bf56-68c1c1f28862","timestamp":"2026-04-06T02:14:41.457Z"}
{"level":"info","message":"Client disconnected: uYkbQrRzcO0QDl9VAAB1","timestamp":"2026-04-06T02:14:47.446Z"}
{"level":"info","message":"Client connected: 3vVYcfuROKGXx7oCAAB5","timestamp":"2026-04-06T02:14:47.783Z"}
{"level":"info","message":"ws:join_channel:9b3f0e1e-d681-4a4b-bf56-68c1c1f28862","timestamp":"2026-04-06T02:14:47.941Z"}
{"level":"info","message":"ws:send_message channel:9b3f0e1e-d681-4a4b-bf56-68c1c1f28862 content:ㄹㄹ","timestamp":"2026-04-06T02:14:51.103Z"}
{"level":"info","message":"ws:send_message channel:9b3f0e1e-d681-4a4b-bf56-68c1c1f28862 content:ㅗㅕ","timestamp":"2026-04-06T02:14:53.860Z"}
{"level":"info","message":"ws:leave_channel:9b3f0e1e-d681-4a4b-bf56-68c1c1f28862","timestamp":"2026-04-06T02:15:27.546Z"}
{"level":"info","message":"ws:join_channel:2a6ea0a7-2fdf-4126-80ea-13c1a3824b3d","timestamp":"2026-04-06T02:15:28.795Z"}
{"level":"info","message":"ws:leave_channel:2a6ea0a7-2fdf-4126-80ea-13c1a3824b3d","timestamp":"2026-04-06T02:15:29.398Z"}
{"level":"info","message":"ws:join_channel:9b3f0e1e-d681-4a4b-bf56-68c1c1f28862","timestamp":"2026-04-06T02:15:30.282Z"}
{"level":"info","message":"ws:leave_channel:9b3f0e1e-d681-4a4b-bf56-68c1c1f28862","timestamp":"2026-04-06T02:15:33.745Z"}
{"level":"info","message":"ws:join_channel:9b3f0e1e-d681-4a4b-bf56-68c1c1f28862","timestamp":"2026-04-06T02:15:35.529Z"}
{"level":"info","message":"ws:leave_channel:9b3f0e1e-d681-4a4b-bf56-68c1c1f28862","timestamp":"2026-04-06T02:21:01.501Z"}
{"level":"info","message":"Client disconnected: 9gHOgqFYVtJS-Me9AAB3","timestamp":"2026-04-06T02:21:01.683Z"}
{"level":"info","message":"Client connected: jambSCFy2YJFBzN0AAB7","timestamp":"2026-04-06T02:21:02.482Z"}
{"level":"info","message":"ws:join_channel:9b3f0e1e-d681-4a4b-bf56-68c1c1f28862","timestamp":"2026-04-06T02:21:02.670Z"}
{"level":"info","message":"ws:leave_channel:9b3f0e1e-d681-4a4b-bf56-68c1c1f28862","timestamp":"2026-04-06T02:21:05.488Z"}
{"level":"info","message":"Client disconnected: jambSCFy2YJFBzN0AAB7","timestamp":"2026-04-06T02:21:05.576Z"}
{"level":"info","message":"Client connected: 5_GnC4lB383c0lRgAAB9","timestamp":"2026-04-06T02:21:06.102Z"}
{"level":"info","message":"ws:join_channel:9b3f0e1e-d681-4a4b-bf56-68c1c1f28862","timestamp":"2026-04-06T02:21:06.432Z"}
{"level":"info","message":"ws:leave_channel:9b3f0e1e-d681-4a4b-bf56-68c1c1f28862","timestamp":"2026-04-06T02:22:18.950Z"}
{"level":"info","message":"Client disconnected: 5_GnC4lB383c0lRgAAB9","timestamp":"2026-04-06T02:22:19.213Z"}
{"level":"info","message":"Client connected: AxbucidzVN1ct91dAAB_","timestamp":"2026-04-06T02:22:20.048Z"}
{"level":"info","message":"ws:join_channel:9b3f0e1e-d681-4a4b-bf56-68c1c1f28862","timestamp":"2026-04-06T02:22:20.187Z"}
{"level":"info","message":"ws:leave_channel:9b3f0e1e-d681-4a4b-bf56-68c1c1f28862","timestamp":"2026-04-06T02:22:30.825Z"}
{"level":"info","message":"Client disconnected: AxbucidzVN1ct91dAAB_","timestamp":"2026-04-06T02:22:31.038Z"}
{"level":"info","message":"Client connected: 8YIcxBKlvyJtAOCZAACB","timestamp":"2026-04-06T02:22:31.584Z"}
{"level":"info","message":"ws:join_channel:9b3f0e1e-d681-4a4b-bf56-68c1c1f28862","timestamp":"2026-04-06T02:22:31.657Z"}
{"level":"info","message":"ws:leave_channel:9b3f0e1e-d681-4a4b-bf56-68c1c1f28862","timestamp":"2026-04-06T02:24:10.518Z"}
{"level":"info","message":"Client disconnected: 8YIcxBKlvyJtAOCZAACB","timestamp":"2026-04-06T02:24:10.721Z"}
{"level":"info","message":"Client connected: xEbU678fgWab9aayAACD","timestamp":"2026-04-06T02:24:11.366Z"}
{"level":"info","message":"ws:join_channel:9b3f0e1e-d681-4a4b-bf56-68c1c1f28862","timestamp":"2026-04-06T02:24:11.428Z"}
{"level":"info","message":"ws:send_message channel:9b3f0e1e-d681-4a4b-bf56-68c1c1f28862 content:,","timestamp":"2026-04-06T02:31:24.050Z"}
{"level":"info","message":"ws:send_message channel:9b3f0e1e-d681-4a4b-bf56-68c1c1f28862 content:mk","timestamp":"2026-04-06T02:31:27.469Z"}
{"level":"info","message":"ws:leave_channel:9b3f0e1e-d681-4a4b-bf56-68c1c1f28862","timestamp":"2026-04-06T02:32:54.568Z"}
{"level":"info","message":"Client disconnected: xEbU678fgWab9aayAACD","timestamp":"2026-04-06T02:32:55.988Z"}
{"level":"info","message":"Client connected: _SaZv4A3T-PqNK2CAACF","timestamp":"2026-04-06T02:32:57.016Z"}
{"level":"info","message":"ws:join_channel:9b3f0e1e-d681-4a4b-bf56-68c1c1f28862","timestamp":"2026-04-06T02:32:57.188Z"}
{"level":"info","message":"ws:leave_channel:9b3f0e1e-d681-4a4b-bf56-68c1c1f28862","timestamp":"2026-04-06T02:33:00.430Z"}
{"level":"info","message":"Client disconnected: 3vVYcfuROKGXx7oCAAB5","timestamp":"2026-04-06T02:33:00.637Z"}
{"level":"info","message":"Client connected: VLEd4OF3UNJLI1l8AACH","timestamp":"2026-04-06T02:33:01.016Z"}
{"level":"info","message":"ws:join_channel:9b3f0e1e-d681-4a4b-bf56-68c1c1f28862","timestamp":"2026-04-06T02:33:01.146Z"}
{"level":"info","message":"ws:leave_channel:9b3f0e1e-d681-4a4b-bf56-68c1c1f28862","timestamp":"2026-04-06T02:33:34.099Z"}
{"level":"info","message":"Client disconnected: _SaZv4A3T-PqNK2CAACF","timestamp":"2026-04-06T02:33:34.382Z"}
{"level":"info","message":"Client connected: V3Qze84XklJMa8-7AACJ","timestamp":"2026-04-06T02:33:35.080Z"}
{"level":"info","message":"ws:join_channel:9b3f0e1e-d681-4a4b-bf56-68c1c1f28862","timestamp":"2026-04-06T02:33:35.333Z"}
{"level":"info","message":"ws:leave_channel:9b3f0e1e-d681-4a4b-bf56-68c1c1f28862","timestamp":"2026-04-06T02:33:38.200Z"}
{"level":"info","message":"Client disconnected: V3Qze84XklJMa8-7AACJ","timestamp":"2026-04-06T02:33:38.305Z"}
{"level":"info","message":"Client connected: eYwozMoTeBEDhZawAACL","timestamp":"2026-04-06T02:33:38.689Z"}
{"level":"info","message":"ws:join_channel:9b3f0e1e-d681-4a4b-bf56-68c1c1f28862","timestamp":"2026-04-06T02:33:38.943Z"}
{"level":"info","message":"ws:leave_channel:9b3f0e1e-d681-4a4b-bf56-68c1c1f28862","timestamp":"2026-04-06T02:35:20.301Z"}
{"level":"info","message":"ws:join_channel:2a6ea0a7-2fdf-4126-80ea-13c1a3824b3d","timestamp":"2026-04-06T02:35:36.910Z"}
{"level":"info","message":"ws:leave_channel:2a6ea0a7-2fdf-4126-80ea-13c1a3824b3d","timestamp":"2026-04-06T02:35:38.619Z"}
{"level":"info","message":"ws:join_channel:9b3f0e1e-d681-4a4b-bf56-68c1c1f28862","timestamp":"2026-04-06T02:35:47.598Z"}
{"level":"info","message":"ws:leave_channel:9b3f0e1e-d681-4a4b-bf56-68c1c1f28862","timestamp":"2026-04-06T02:37:10.323Z"}
{"level":"info","message":"Client disconnected: eYwozMoTeBEDhZawAACL","timestamp":"2026-04-06T02:37:11.473Z"}
{"level":"info","message":"Client connected: WIeGnrvieOs7Nh5FAACN","timestamp":"2026-04-06T02:37:12.516Z"}
{"level":"info","message":"ws:join_channel:9b3f0e1e-d681-4a4b-bf56-68c1c1f28862","timestamp":"2026-04-06T02:37:12.783Z"}
{"level":"info","message":"ws:leave_channel:9b3f0e1e-d681-4a4b-bf56-68c1c1f28862","timestamp":"2026-04-06T02:37:23.220Z"}
{"level":"info","message":"Client disconnected: WIeGnrvieOs7Nh5FAACN","timestamp":"2026-04-06T02:37:23.388Z"}
{"level":"info","message":"Client connected: LkX85XFtt1-UmyDZAACP","timestamp":"2026-04-06T02:37:24.134Z"}
{"level":"info","message":"ws:join_channel:9b3f0e1e-d681-4a4b-bf56-68c1c1f28862","timestamp":"2026-04-06T02:37:24.202Z"}
{"level":"info","message":"ws:leave_channel:9b3f0e1e-d681-4a4b-bf56-68c1c1f28862","timestamp":"2026-04-06T02:37:34.517Z"}
{"level":"info","message":"Client disconnected: LkX85XFtt1-UmyDZAACP","timestamp":"2026-04-06T02:37:35.038Z"}
{"level":"info","message":"Client connected: 4fTkB-iCaVb-6jamAACR","timestamp":"2026-04-06T02:37:35.714Z"}
{"level":"info","message":"ws:join_channel:9b3f0e1e-d681-4a4b-bf56-68c1c1f28862","timestamp":"2026-04-06T02:37:36.170Z"}
{"level":"info","message":"ws:leave_channel:9b3f0e1e-d681-4a4b-bf56-68c1c1f28862","timestamp":"2026-04-06T02:54:23.603Z"}
{"level":"info","message":"Client disconnected: 4fTkB-iCaVb-6jamAACR","timestamp":"2026-04-06T02:54:25.700Z"}
{"level":"info","message":"Client connected: O61emD1mJq7sB9-CAACT","timestamp":"2026-04-06T02:54:26.579Z"}
{"level":"info","message":"ws:join_channel:9b3f0e1e-d681-4a4b-bf56-68c1c1f28862","timestamp":"2026-04-06T02:54:26.810Z"}
{"level":"info","message":"ws:leave_channel:9b3f0e1e-d681-4a4b-bf56-68c1c1f28862","timestamp":"2026-04-06T02:56:18.886Z"}
{"level":"info","message":"ws:leave_channel:9b3f0e1e-d681-4a4b-bf56-68c1c1f28862","timestamp":"2026-04-06T02:56:18.941Z"}
{"level":"info","message":"ws:join_channel:9b3f0e1e-d681-4a4b-bf56-68c1c1f28862","timestamp":"2026-04-06T02:56:18.994Z"}
{"level":"info","message":"ws:join_channel:9b3f0e1e-d681-4a4b-bf56-68c1c1f28862","timestamp":"2026-04-06T02:56:19.092Z"}
{"level":"info","message":"ws:leave_channel:9b3f0e1e-d681-4a4b-bf56-68c1c1f28862","timestamp":"2026-04-06T02:56:19.147Z"}
{"level":"info","message":"ws:leave_channel:9b3f0e1e-d681-4a4b-bf56-68c1c1f28862","timestamp":"2026-04-06T02:58:59.692Z"}
{"level":"info","message":"ws:leave_channel:9b3f0e1e-d681-4a4b-bf56-68c1c1f28862","timestamp":"2026-04-06T02:58:59.718Z"}
{"level":"info","message":"ws:join_channel:9b3f0e1e-d681-4a4b-bf56-68c1c1f28862","timestamp":"2026-04-06T02:58:59.744Z"}
{"level":"info","message":"ws:join_channel:9b3f0e1e-d681-4a4b-bf56-68c1c1f28862","timestamp":"2026-04-06T02:58:59.747Z"}
{"level":"info","message":"ws:leave_channel:9b3f0e1e-d681-4a4b-bf56-68c1c1f28862","timestamp":"2026-04-06T02:58:59.802Z"}
{"level":"info","message":"ws:join_channel:9b3f0e1e-d681-4a4b-bf56-68c1c1f28862","timestamp":"2026-04-06T02:58:59.821Z"}
{"level":"info","message":"ws:leave_channel:9b3f0e1e-d681-4a4b-bf56-68c1c1f28862","timestamp":"2026-04-06T02:59:04.179Z"}
{"level":"info","message":"ws:join_channel:9b3f0e1e-d681-4a4b-bf56-68c1c1f28862","timestamp":"2026-04-06T02:59:04.372Z"}
{"level":"info","message":"ws:leave_channel:9b3f0e1e-d681-4a4b-bf56-68c1c1f28862","timestamp":"2026-04-06T02:59:04.445Z"}
{"level":"info","message":"ws:join_channel:9b3f0e1e-d681-4a4b-bf56-68c1c1f28862","timestamp":"2026-04-06T02:59:04.470Z"}
{"level":"info","message":"Client disconnected: VLEd4OF3UNJLI1l8AACH","timestamp":"2026-04-06T02:59:10.339Z"}
{"level":"info","message":"Client connected: dlbw1sZqBigw0gVXAACV","timestamp":"2026-04-06T02:59:11.242Z"}
{"level":"info","message":"ws:join_channel:9b3f0e1e-d681-4a4b-bf56-68c1c1f28862","timestamp":"2026-04-06T02:59:11.324Z"}
{"level":"info","message":"ws:leave_channel:9b3f0e1e-d681-4a4b-bf56-68c1c1f28862","timestamp":"2026-04-06T02:59:11.390Z"}
{"level":"info","message":"ws:join_channel:9b3f0e1e-d681-4a4b-bf56-68c1c1f28862","timestamp":"2026-04-06T02:59:11.480Z"}
{"level":"info","message":"ws:leave_channel:9b3f0e1e-d681-4a4b-bf56-68c1c1f28862","timestamp":"2026-04-06T02:59:18.199Z"}
{"level":"info","message":"Client disconnected: dlbw1sZqBigw0gVXAACV","timestamp":"2026-04-06T02:59:18.311Z"}
{"level":"info","message":"Client connected: nHeega4jlhesw1ZsAACX","timestamp":"2026-04-06T02:59:18.935Z"}
{"level":"info","message":"ws:join_channel:9b3f0e1e-d681-4a4b-bf56-68c1c1f28862","timestamp":"2026-04-06T02:59:19.106Z"}
{"level":"info","message":"ws:leave_channel:9b3f0e1e-d681-4a4b-bf56-68c1c1f28862","timestamp":"2026-04-06T02:59:19.115Z"}
{"level":"info","message":"ws:join_channel:9b3f0e1e-d681-4a4b-bf56-68c1c1f28862","timestamp":"2026-04-06T02:59:19.150Z"}
{"level":"info","message":"ws:leave_channel:9b3f0e1e-d681-4a4b-bf56-68c1c1f28862","timestamp":"2026-04-06T02:59:24.896Z"}
{"level":"info","message":"ws:join_channel:9b3f0e1e-d681-4a4b-bf56-68c1c1f28862","timestamp":"2026-04-06T02:59:24.924Z"}
{"level":"info","message":"ws:leave_channel:9b3f0e1e-d681-4a4b-bf56-68c1c1f28862","timestamp":"2026-04-06T02:59:34.069Z"}
{"level":"info","message":"ws:join_channel:9b3f0e1e-d681-4a4b-bf56-68c1c1f28862","timestamp":"2026-04-06T02:59:34.106Z"}
{"level":"info","message":"ws:leave_channel:9b3f0e1e-d681-4a4b-bf56-68c1c1f28862","timestamp":"2026-04-06T02:59:34.118Z"}
{"level":"info","message":"ws:join_channel:9b3f0e1e-d681-4a4b-bf56-68c1c1f28862","timestamp":"2026-04-06T02:59:34.137Z"}
{"level":"info","message":"ws:leave_channel:9b3f0e1e-d681-4a4b-bf56-68c1c1f28862","timestamp":"2026-04-06T02:59:34.147Z"}
{"level":"info","message":"ws:join_channel:9b3f0e1e-d681-4a4b-bf56-68c1c1f28862","timestamp":"2026-04-06T02:59:34.171Z"}
{"level":"info","message":"ws:send_message channel:9b3f0e1e-d681-4a4b-bf56-68c1c1f28862 content:1222","timestamp":"2026-04-06T02:59:39.285Z"}
{"level":"info","message":"ws:leave_channel:9b3f0e1e-d681-4a4b-bf56-68c1c1f28862","timestamp":"2026-04-06T02:59:47.439Z"}
{"level":"info","message":"Client disconnected: nHeega4jlhesw1ZsAACX","timestamp":"2026-04-06T02:59:47.554Z"}
{"level":"info","message":"Client connected: hVN24VfgZVFVmuA5AACZ","timestamp":"2026-04-06T02:59:48.034Z"}
{"level":"info","message":"ws:join_channel:9b3f0e1e-d681-4a4b-bf56-68c1c1f28862","timestamp":"2026-04-06T02:59:48.126Z"}
{"level":"info","message":"ws:leave_channel:9b3f0e1e-d681-4a4b-bf56-68c1c1f28862","timestamp":"2026-04-06T02:59:48.228Z"}
{"level":"info","message":"ws:join_channel:9b3f0e1e-d681-4a4b-bf56-68c1c1f28862","timestamp":"2026-04-06T02:59:48.253Z"}
{"level":"info","message":"ws:leave_channel:9b3f0e1e-d681-4a4b-bf56-68c1c1f28862","timestamp":"2026-04-06T03:00:06.451Z"}
{"level":"info","message":"Client disconnected: hVN24VfgZVFVmuA5AACZ","timestamp":"2026-04-06T03:00:06.651Z"}
{"level":"info","message":"Client connected: EQ26dyVCUXs0j9LtAACb","timestamp":"2026-04-06T03:00:07.321Z"}
{"level":"info","message":"ws:join_channel:9b3f0e1e-d681-4a4b-bf56-68c1c1f28862","timestamp":"2026-04-06T03:00:07.470Z"}
{"level":"info","message":"ws:leave_channel:9b3f0e1e-d681-4a4b-bf56-68c1c1f28862","timestamp":"2026-04-06T03:00:07.499Z"}
{"level":"info","message":"ws:join_channel:9b3f0e1e-d681-4a4b-bf56-68c1c1f28862","timestamp":"2026-04-06T03:00:07.518Z"}
{"level":"info","message":"ws:leave_channel:9b3f0e1e-d681-4a4b-bf56-68c1c1f28862","timestamp":"2026-04-06T03:00:10.251Z"}
{"level":"info","message":"Client disconnected: EQ26dyVCUXs0j9LtAACb","timestamp":"2026-04-06T03:00:10.378Z"}
{"level":"info","message":"Client connected: 6FHyL6mshlSfHyjyAACd","timestamp":"2026-04-06T03:00:10.851Z"}
{"level":"info","message":"ws:join_channel:9b3f0e1e-d681-4a4b-bf56-68c1c1f28862","timestamp":"2026-04-06T03:00:11.058Z"}
{"level":"info","message":"ws:leave_channel:9b3f0e1e-d681-4a4b-bf56-68c1c1f28862","timestamp":"2026-04-06T03:00:11.093Z"}
{"level":"info","message":"ws:join_channel:9b3f0e1e-d681-4a4b-bf56-68c1c1f28862","timestamp":"2026-04-06T03:00:11.114Z"}
{"level":"info","message":"ws:leave_channel:9b3f0e1e-d681-4a4b-bf56-68c1c1f28862","timestamp":"2026-04-06T03:00:12.264Z"}
{"level":"info","message":"Client disconnected: O61emD1mJq7sB9-CAACT","timestamp":"2026-04-06T03:00:12.427Z"}
{"level":"info","message":"Client connected: A1i-iNOj0jFzfts8AACf","timestamp":"2026-04-06T03:00:13.198Z"}
{"level":"info","message":"ws:join_channel:9b3f0e1e-d681-4a4b-bf56-68c1c1f28862","timestamp":"2026-04-06T03:00:13.423Z"}
{"level":"info","message":"ws:leave_channel:9b3f0e1e-d681-4a4b-bf56-68c1c1f28862","timestamp":"2026-04-06T03:00:13.485Z"}
{"level":"info","message":"ws:join_channel:9b3f0e1e-d681-4a4b-bf56-68c1c1f28862","timestamp":"2026-04-06T03:00:13.500Z"}
{"level":"info","message":"ws:send_message channel:9b3f0e1e-d681-4a4b-bf56-68c1c1f28862 content:1","timestamp":"2026-04-06T03:00:33.400Z"}
{"level":"info","message":"ws:send_message channel:9b3f0e1e-d681-4a4b-bf56-68c1c1f28862 content:124124","timestamp":"2026-04-06T03:00:43.960Z"}
{"level":"info","message":"ws:leave_channel:9b3f0e1e-d681-4a4b-bf56-68c1c1f28862","timestamp":"2026-04-06T03:01:11.220Z"}
{"level":"info","message":"ws:leave_channel:9b3f0e1e-d681-4a4b-bf56-68c1c1f28862","timestamp":"2026-04-06T03:01:11.230Z"}
{"level":"info","message":"ws:leave_channel:9b3f0e1e-d681-4a4b-bf56-68c1c1f28862","timestamp":"2026-04-06T03:01:11.231Z"}
{"level":"info","message":"ws:leave_channel:9b3f0e1e-d681-4a4b-bf56-68c1c1f28862","timestamp":"2026-04-06T03:01:11.232Z"}
{"level":"info","message":"ws:join_channel:9b3f0e1e-d681-4a4b-bf56-68c1c1f28862","timestamp":"2026-04-06T03:01:11.250Z"}
{"level":"info","message":"ws:leave_channel:9b3f0e1e-d681-4a4b-bf56-68c1c1f28862","timestamp":"2026-04-06T03:01:11.317Z"}
{"level":"info","message":"ws:join_channel:9b3f0e1e-d681-4a4b-bf56-68c1c1f28862","timestamp":"2026-04-06T03:01:11.334Z"}
{"level":"info","message":"ws:join_channel:9b3f0e1e-d681-4a4b-bf56-68c1c1f28862","timestamp":"2026-04-06T03:01:11.334Z"}
{"level":"info","message":"ws:join_channel:9b3f0e1e-d681-4a4b-bf56-68c1c1f28862","timestamp":"2026-04-06T03:01:11.337Z"}
{"level":"info","message":"ws:join_channel:9b3f0e1e-d681-4a4b-bf56-68c1c1f28862","timestamp":"2026-04-06T03:01:11.349Z"}
{"level":"info","message":"ws:leave_channel:9b3f0e1e-d681-4a4b-bf56-68c1c1f28862","timestamp":"2026-04-06T03:01:11.419Z"}
{"level":"info","message":"ws:join_channel:9b3f0e1e-d681-4a4b-bf56-68c1c1f28862","timestamp":"2026-04-06T03:01:11.467Z"}
{"level":"info","message":"ws:leave_channel:9b3f0e1e-d681-4a4b-bf56-68c1c1f28862","timestamp":"2026-04-06T03:01:14.630Z"}
{"level":"info","message":"Client disconnected: A1i-iNOj0jFzfts8AACf","timestamp":"2026-04-06T03:01:15.258Z"}
{"level":"info","message":"Client connected: 8QCQcHhMcFlMqxriAACh","timestamp":"2026-04-06T03:01:16.205Z"}
{"level":"info","message":"ws:join_channel:9b3f0e1e-d681-4a4b-bf56-68c1c1f28862","timestamp":"2026-04-06T03:01:16.228Z"}
{"level":"info","message":"ws:leave_channel:9b3f0e1e-d681-4a4b-bf56-68c1c1f28862","timestamp":"2026-04-06T03:01:16.310Z"}
{"level":"info","message":"ws:join_channel:9b3f0e1e-d681-4a4b-bf56-68c1c1f28862","timestamp":"2026-04-06T03:01:16.331Z"}
{"level":"info","message":"ws:leave_channel:9b3f0e1e-d681-4a4b-bf56-68c1c1f28862","timestamp":"2026-04-06T03:01:17.673Z"}
{"level":"info","message":"Client disconnected: 6FHyL6mshlSfHyjyAACd","timestamp":"2026-04-06T03:01:17.832Z"}
{"level":"info","message":"Client connected: krmHAsM7BtDX5Q46AACj","timestamp":"2026-04-06T03:01:18.616Z"}
{"level":"info","message":"ws:join_channel:9b3f0e1e-d681-4a4b-bf56-68c1c1f28862","timestamp":"2026-04-06T03:01:18.817Z"}
{"level":"info","message":"ws:leave_channel:9b3f0e1e-d681-4a4b-bf56-68c1c1f28862","timestamp":"2026-04-06T03:01:18.853Z"}
{"level":"info","message":"ws:join_channel:9b3f0e1e-d681-4a4b-bf56-68c1c1f28862","timestamp":"2026-04-06T03:01:18.877Z"}
{"level":"info","message":"ws:send_message channel:9b3f0e1e-d681-4a4b-bf56-68c1c1f28862 content:123","timestamp":"2026-04-06T03:01:29.266Z"}
{"level":"info","message":"ws:send_message channel:9b3f0e1e-d681-4a4b-bf56-68c1c1f28862 content:4","timestamp":"2026-04-06T03:01:30.089Z"}
{"level":"info","message":"ws:send_message channel:9b3f0e1e-d681-4a4b-bf56-68c1c1f28862 content:zzz","timestamp":"2026-04-06T03:02:06.572Z"}
{"level":"info","message":"ws:leave_channel:9b3f0e1e-d681-4a4b-bf56-68c1c1f28862","timestamp":"2026-04-06T03:02:27.002Z"}
{"level":"info","message":"ws:join_channel:9b3f0e1e-d681-4a4b-bf56-68c1c1f28862","timestamp":"2026-04-06T03:02:27.052Z"}
{"level":"info","message":"ws:leave_channel:9b3f0e1e-d681-4a4b-bf56-68c1c1f28862","timestamp":"2026-04-06T03:02:27.110Z"}
{"level":"info","message":"ws:join_channel:9b3f0e1e-d681-4a4b-bf56-68c1c1f28862","timestamp":"2026-04-06T03:02:27.131Z"}
{"level":"info","message":"ws:leave_channel:9b3f0e1e-d681-4a4b-bf56-68c1c1f28862","timestamp":"2026-04-06T03:02:53.209Z"}
{"level":"info","message":"Client disconnected: 8QCQcHhMcFlMqxriAACh","timestamp":"2026-04-06T03:02:53.815Z"}
{"level":"info","message":"Client connected: t1Bua9nKoN6tO4EeAACl","timestamp":"2026-04-06T03:02:54.830Z"}
{"level":"info","message":"ws:join_channel:9b3f0e1e-d681-4a4b-bf56-68c1c1f28862","timestamp":"2026-04-06T03:02:55.131Z"}
{"level":"info","message":"ws:leave_channel:9b3f0e1e-d681-4a4b-bf56-68c1c1f28862","timestamp":"2026-04-06T03:02:55.131Z"}
{"level":"info","message":"ws:join_channel:9b3f0e1e-d681-4a4b-bf56-68c1c1f28862","timestamp":"2026-04-06T03:02:55.170Z"}
{"level":"info","message":"ws:leave_channel:9b3f0e1e-d681-4a4b-bf56-68c1c1f28862","timestamp":"2026-04-06T03:02:57.479Z"}
{"level":"info","message":"Client disconnected: krmHAsM7BtDX5Q46AACj","timestamp":"2026-04-06T03:02:57.593Z"}
{"level":"info","message":"Client connected: lq9Blfs_ExsdtNPOAACn","timestamp":"2026-04-06T03:02:58.204Z"}
{"level":"info","message":"ws:join_channel:9b3f0e1e-d681-4a4b-bf56-68c1c1f28862","timestamp":"2026-04-06T03:02:58.462Z"}
{"level":"info","message":"ws:leave_channel:9b3f0e1e-d681-4a4b-bf56-68c1c1f28862","timestamp":"2026-04-06T03:02:58.512Z"}
{"level":"info","message":"ws:join_channel:9b3f0e1e-d681-4a4b-bf56-68c1c1f28862","timestamp":"2026-04-06T03:02:58.547Z"}
{"level":"info","message":"ws:send_message channel:9b3f0e1e-d681-4a4b-bf56-68c1c1f28862 content:??","timestamp":"2026-04-06T03:03:03.812Z"}
{"level":"info","message":"ws:send_message channel:9b3f0e1e-d681-4a4b-bf56-68c1c1f28862 content:set이 안되네","timestamp":"2026-04-06T03:03:08.014Z"}
{"level":"info","message":"ws:leave_channel:9b3f0e1e-d681-4a4b-bf56-68c1c1f28862","timestamp":"2026-04-06T03:05:09.199Z"}
{"level":"info","message":"ws:leave_channel:9b3f0e1e-d681-4a4b-bf56-68c1c1f28862","timestamp":"2026-04-06T03:05:09.213Z"}
{"level":"info","message":"ws:leave_channel:9b3f0e1e-d681-4a4b-bf56-68c1c1f28862","timestamp":"2026-04-06T03:05:09.238Z"}
{"level":"info","message":"ws:leave_channel:9b3f0e1e-d681-4a4b-bf56-68c1c1f28862","timestamp":"2026-04-06T03:05:09.254Z"}
{"level":"info","message":"ws:join_channel:9b3f0e1e-d681-4a4b-bf56-68c1c1f28862","timestamp":"2026-04-06T03:05:09.350Z"}
{"level":"info","message":"ws:join_channel:9b3f0e1e-d681-4a4b-bf56-68c1c1f28862","timestamp":"2026-04-06T03:05:09.366Z"}
{"level":"info","message":"ws:join_channel:9b3f0e1e-d681-4a4b-bf56-68c1c1f28862","timestamp":"2026-04-06T03:05:09.372Z"}
{"level":"info","message":"ws:join_channel:9b3f0e1e-d681-4a4b-bf56-68c1c1f28862","timestamp":"2026-04-06T03:05:09.383Z"}
{"level":"info","message":"ws:leave_channel:9b3f0e1e-d681-4a4b-bf56-68c1c1f28862","timestamp":"2026-04-06T03:05:09.433Z"}
{"level":"info","message":"ws:leave_channel:9b3f0e1e-d681-4a4b-bf56-68c1c1f28862","timestamp":"2026-04-06T03:05:09.433Z"}
{"level":"info","message":"ws:join_channel:9b3f0e1e-d681-4a4b-bf56-68c1c1f28862","timestamp":"2026-04-06T03:05:09.448Z"}
{"level":"info","message":"ws:join_channel:9b3f0e1e-d681-4a4b-bf56-68c1c1f28862","timestamp":"2026-04-06T03:05:09.461Z"}
{"level":"info","message":"ws:leave_channel:9b3f0e1e-d681-4a4b-bf56-68c1c1f28862","timestamp":"2026-04-06T03:07:32.177Z"}
{"level":"info","message":"ws:leave_channel:9b3f0e1e-d681-4a4b-bf56-68c1c1f28862","timestamp":"2026-04-06T03:07:32.224Z"}
{"level":"info","message":"ws:leave_channel:9b3f0e1e-d681-4a4b-bf56-68c1c1f28862","timestamp":"2026-04-06T03:07:32.226Z"}
{"level":"info","message":"ws:join_channel:9b3f0e1e-d681-4a4b-bf56-68c1c1f28862","timestamp":"2026-04-06T03:07:32.266Z"}
{"level":"info","message":"ws:join_channel:9b3f0e1e-d681-4a4b-bf56-68c1c1f28862","timestamp":"2026-04-06T03:07:32.269Z"}
{"level":"info","message":"ws:leave_channel:9b3f0e1e-d681-4a4b-bf56-68c1c1f28862","timestamp":"2026-04-06T03:07:32.306Z"}
{"level":"info","message":"ws:leave_channel:9b3f0e1e-d681-4a4b-bf56-68c1c1f28862","timestamp":"2026-04-06T03:07:32.344Z"}
{"level":"info","message":"ws:join_channel:9b3f0e1e-d681-4a4b-bf56-68c1c1f28862","timestamp":"2026-04-06T03:07:32.362Z"}
{"level":"info","message":"ws:join_channel:9b3f0e1e-d681-4a4b-bf56-68c1c1f28862","timestamp":"2026-04-06T03:07:32.364Z"}
{"level":"info","message":"ws:join_channel:9b3f0e1e-d681-4a4b-bf56-68c1c1f28862","timestamp":"2026-04-06T03:07:32.377Z"}
{"level":"info","message":"ws:leave_channel:9b3f0e1e-d681-4a4b-bf56-68c1c1f28862","timestamp":"2026-04-06T03:07:32.450Z"}
{"level":"info","message":"ws:join_channel:9b3f0e1e-d681-4a4b-bf56-68c1c1f28862","timestamp":"2026-04-06T03:07:32.497Z"}
{"level":"info","message":"ws:leave_channel:9b3f0e1e-d681-4a4b-bf56-68c1c1f28862","timestamp":"2026-04-06T03:07:39.000Z"}
{"level":"info","message":"ws:join_channel:9b3f0e1e-d681-4a4b-bf56-68c1c1f28862","timestamp":"2026-04-06T03:07:39.037Z"}
{"level":"info","message":"ws:leave_channel:9b3f0e1e-d681-4a4b-bf56-68c1c1f28862","timestamp":"2026-04-06T03:07:39.091Z"}
{"level":"info","message":"ws:join_channel:9b3f0e1e-d681-4a4b-bf56-68c1c1f28862","timestamp":"2026-04-06T03:07:39.109Z"}
{"level":"info","message":"ws:send_message channel:9b3f0e1e-d681-4a4b-bf56-68c1c1f28862 content:11","timestamp":"2026-04-06T03:07:40.542Z"}
{"level":"info","message":"ws:leave_channel:9b3f0e1e-d681-4a4b-bf56-68c1c1f28862","timestamp":"2026-04-06T03:07:54.338Z"}
{"level":"info","message":"ws:join_channel:9b3f0e1e-d681-4a4b-bf56-68c1c1f28862","timestamp":"2026-04-06T03:07:54.382Z"}
{"level":"info","message":"ws:leave_channel:9b3f0e1e-d681-4a4b-bf56-68c1c1f28862","timestamp":"2026-04-06T03:07:57.624Z"}
{"level":"info","message":"ws:join_channel:9b3f0e1e-d681-4a4b-bf56-68c1c1f28862","timestamp":"2026-04-06T03:07:57.655Z"}
{"level":"info","message":"ws:leave_channel:9b3f0e1e-d681-4a4b-bf56-68c1c1f28862","timestamp":"2026-04-06T03:08:26.484Z"}
{"level":"info","message":"Client disconnected: lq9Blfs_ExsdtNPOAACn","timestamp":"2026-04-06T03:08:27.192Z"}
{"level":"info","message":"Client connected: Oh75tp0dX4r8kVOpAACp","timestamp":"2026-04-06T03:08:27.951Z"}
{"level":"info","message":"ws:join_channel:9b3f0e1e-d681-4a4b-bf56-68c1c1f28862","timestamp":"2026-04-06T03:08:28.113Z"}
{"level":"info","message":"ws:leave_channel:9b3f0e1e-d681-4a4b-bf56-68c1c1f28862","timestamp":"2026-04-06T03:08:28.217Z"}
{"level":"info","message":"ws:join_channel:9b3f0e1e-d681-4a4b-bf56-68c1c1f28862","timestamp":"2026-04-06T03:08:28.249Z"}
{"level":"info","message":"ws:leave_channel:9b3f0e1e-d681-4a4b-bf56-68c1c1f28862","timestamp":"2026-04-06T03:08:30.646Z"}
{"level":"info","message":"ws:join_channel:9b3f0e1e-d681-4a4b-bf56-68c1c1f28862","timestamp":"2026-04-06T03:08:30.797Z"}
{"level":"info","message":"ws:leave_channel:9b3f0e1e-d681-4a4b-bf56-68c1c1f28862","timestamp":"2026-04-06T03:08:30.808Z"}
{"level":"info","message":"ws:join_channel:9b3f0e1e-d681-4a4b-bf56-68c1c1f28862","timestamp":"2026-04-06T03:08:30.839Z"}
{"level":"info","message":"ws:leave_channel:9b3f0e1e-d681-4a4b-bf56-68c1c1f28862","timestamp":"2026-04-06T03:08:30.881Z"}
{"level":"info","message":"ws:join_channel:9b3f0e1e-d681-4a4b-bf56-68c1c1f28862","timestamp":"2026-04-06T03:08:30.899Z"}
{"level":"info","message":"ws:send_message channel:9b3f0e1e-d681-4a4b-bf56-68c1c1f28862 content:zzz","timestamp":"2026-04-06T03:08:32.364Z"}
{"level":"info","message":"ws:leave_channel:9b3f0e1e-d681-4a4b-bf56-68c1c1f28862","timestamp":"2026-04-06T03:13:26.890Z"}
{"level":"info","message":"ws:join_channel:9b3f0e1e-d681-4a4b-bf56-68c1c1f28862","timestamp":"2026-04-06T03:13:26.915Z"}
{"level":"info","message":"ws:leave_channel:9b3f0e1e-d681-4a4b-bf56-68c1c1f28862","timestamp":"2026-04-06T03:13:31.308Z"}
{"level":"info","message":"ws:join_channel:9b3f0e1e-d681-4a4b-bf56-68c1c1f28862","timestamp":"2026-04-06T03:13:31.331Z"}
{"level":"info","message":"ws:leave_channel:9b3f0e1e-d681-4a4b-bf56-68c1c1f28862","timestamp":"2026-04-06T03:14:02.742Z"}
{"level":"info","message":"ws:leave_channel:9b3f0e1e-d681-4a4b-bf56-68c1c1f28862","timestamp":"2026-04-06T03:14:02.765Z"}
{"level":"info","message":"ws:join_channel:9b3f0e1e-d681-4a4b-bf56-68c1c1f28862","timestamp":"2026-04-06T03:14:02.815Z"}
{"level":"info","message":"ws:leave_channel:9b3f0e1e-d681-4a4b-bf56-68c1c1f28862","timestamp":"2026-04-06T03:14:02.843Z"}
{"level":"info","message":"ws:leave_channel:9b3f0e1e-d681-4a4b-bf56-68c1c1f28862","timestamp":"2026-04-06T03:14:02.850Z"}
{"level":"info","message":"ws:join_channel:9b3f0e1e-d681-4a4b-bf56-68c1c1f28862","timestamp":"2026-04-06T03:14:02.858Z"}
{"level":"info","message":"ws:join_channel:9b3f0e1e-d681-4a4b-bf56-68c1c1f28862","timestamp":"2026-04-06T03:14:02.878Z"}
{"level":"info","message":"ws:join_channel:9b3f0e1e-d681-4a4b-bf56-68c1c1f28862","timestamp":"2026-04-06T03:14:02.885Z"}
{"level":"info","message":"ws:leave_channel:9b3f0e1e-d681-4a4b-bf56-68c1c1f28862","timestamp":"2026-04-06T03:14:07.957Z"}
{"level":"info","message":"ws:join_channel:9b3f0e1e-d681-4a4b-bf56-68c1c1f28862","timestamp":"2026-04-06T03:14:08.048Z"}
{"level":"info","message":"ws:leave_channel:9b3f0e1e-d681-4a4b-bf56-68c1c1f28862","timestamp":"2026-04-06T03:14:08.128Z"}
{"level":"info","message":"ws:join_channel:9b3f0e1e-d681-4a4b-bf56-68c1c1f28862","timestamp":"2026-04-06T03:14:08.149Z"}
{"level":"info","message":"ws:leave_channel:9b3f0e1e-d681-4a4b-bf56-68c1c1f28862","timestamp":"2026-04-06T03:14:11.499Z"}
{"level":"info","message":"Client disconnected: t1Bua9nKoN6tO4EeAACl","timestamp":"2026-04-06T03:14:12.403Z"}
{"level":"info","message":"Client connected: O4Ds-8V4t31QWGMRAACr","timestamp":"2026-04-06T03:14:13.887Z"}
{"level":"info","message":"ws:join_channel:9b3f0e1e-d681-4a4b-bf56-68c1c1f28862","timestamp":"2026-04-06T03:14:13.935Z"}
{"level":"info","message":"ws:leave_channel:9b3f0e1e-d681-4a4b-bf56-68c1c1f28862","timestamp":"2026-04-06T03:14:14.098Z"}
{"level":"info","message":"ws:join_channel:9b3f0e1e-d681-4a4b-bf56-68c1c1f28862","timestamp":"2026-04-06T03:14:14.121Z"}
{"level":"info","message":"ws:leave_channel:9b3f0e1e-d681-4a4b-bf56-68c1c1f28862","timestamp":"2026-04-06T03:15:24.355Z"}
{"level":"info","message":"Client disconnected: Oh75tp0dX4r8kVOpAACp","timestamp":"2026-04-06T03:15:24.981Z"}
{"level":"info","message":"Client connected: gkHbwBkc14eG-slqAACt","timestamp":"2026-04-06T03:15:25.981Z"}
{"level":"info","message":"ws:join_channel:9b3f0e1e-d681-4a4b-bf56-68c1c1f28862","timestamp":"2026-04-06T03:15:26.078Z"}
{"level":"info","message":"ws:leave_channel:9b3f0e1e-d681-4a4b-bf56-68c1c1f28862","timestamp":"2026-04-06T03:15:26.182Z"}
{"level":"info","message":"ws:join_channel:9b3f0e1e-d681-4a4b-bf56-68c1c1f28862","timestamp":"2026-04-06T03:15:26.212Z"}
{"level":"info","message":"ws:send_message channel:9b3f0e1e-d681-4a4b-bf56-68c1c1f28862 content:zzzz","timestamp":"2026-04-06T03:15:29.831Z"}
{"level":"info","message":"ws:leave_channel:9b3f0e1e-d681-4a4b-bf56-68c1c1f28862","timestamp":"2026-04-06T03:16:20.357Z"}
{"level":"info","message":"ws:join_channel:9b3f0e1e-d681-4a4b-bf56-68c1c1f28862","timestamp":"2026-04-06T03:16:20.463Z"}
{"level":"info","message":"ws:leave_channel:9b3f0e1e-d681-4a4b-bf56-68c1c1f28862","timestamp":"2026-04-06T03:16:20.498Z"}
{"level":"info","message":"ws:join_channel:9b3f0e1e-d681-4a4b-bf56-68c1c1f28862","timestamp":"2026-04-06T03:16:20.516Z"}
{"level":"info","message":"ws:send_message channel:9b3f0e1e-d681-4a4b-bf56-68c1c1f28862 content:zz","timestamp":"2026-04-06T03:16:24.000Z"}
{"level":"info","message":"ws:send_message channel:9b3f0e1e-d681-4a4b-bf56-68c1c1f28862 content:123","timestamp":"2026-04-06T03:16:28.119Z"}
{"level":"info","message":"ws:leave_channel:9b3f0e1e-d681-4a4b-bf56-68c1c1f28862","timestamp":"2026-04-06T03:16:30.758Z"}
{"level":"info","message":"Client disconnected: O4Ds-8V4t31QWGMRAACr","timestamp":"2026-04-06T03:16:31.360Z"}
{"level":"info","message":"Client connected: 80_0aXTcdQOQbIOWAACv","timestamp":"2026-04-06T03:16:32.131Z"}
{"level":"info","message":"ws:leave_channel:9b3f0e1e-d681-4a4b-bf56-68c1c1f28862","timestamp":"2026-04-06T03:16:32.141Z"}
{"level":"info","message":"ws:join_channel:9b3f0e1e-d681-4a4b-bf56-68c1c1f28862","timestamp":"2026-04-06T03:16:32.479Z"}
{"level":"info","message":"ws:leave_channel:9b3f0e1e-d681-4a4b-bf56-68c1c1f28862","timestamp":"2026-04-06T03:16:32.510Z"}
{"level":"info","message":"ws:join_channel:9b3f0e1e-d681-4a4b-bf56-68c1c1f28862","timestamp":"2026-04-06T03:16:32.538Z"}
{"level":"info","message":"Client disconnected: gkHbwBkc14eG-slqAACt","timestamp":"2026-04-06T03:16:32.580Z"}
{"level":"info","message":"Client connected: iE0rUQ7vAe_K2i5KAACx","timestamp":"2026-04-06T03:16:33.264Z"}
{"level":"info","message":"ws:join_channel:9b3f0e1e-d681-4a4b-bf56-68c1c1f28862","timestamp":"2026-04-06T03:16:33.468Z"}
{"level":"info","message":"ws:leave_channel:9b3f0e1e-d681-4a4b-bf56-68c1c1f28862","timestamp":"2026-04-06T03:16:33.562Z"}
{"level":"info","message":"ws:join_channel:9b3f0e1e-d681-4a4b-bf56-68c1c1f28862","timestamp":"2026-04-06T03:16:33.586Z"}
{"level":"info","message":"ws:send_message channel:9b3f0e1e-d681-4a4b-bf56-68c1c1f28862 content:123","timestamp":"2026-04-06T03:16:39.699Z"}
{"level":"info","message":"ws:send_message channel:9b3f0e1e-d681-4a4b-bf56-68c1c1f28862 content:wefijwefoiawjefoijaweofijapwoeifjpaowiejfpoaiwejfpoiawjefopijawefopijaweopfijawopefijaoweifjopiawejfpowiejfpowiejfopaiwjefoijawefpoiawjefoijawefpoijawefpoi","timestamp":"2026-04-06T03:18:38.182Z"}
{"level":"info","message":"ws:leave_channel:9b3f0e1e-d681-4a4b-bf56-68c1c1f28862","timestamp":"2026-04-06T03:21:31.313Z"}
{"level":"info","message":"ws:join_channel:9b3f0e1e-d681-4a4b-bf56-68c1c1f28862","timestamp":"2026-04-06T03:21:31.357Z"}
{"level":"info","message":"ws:leave_channel:9b3f0e1e-d681-4a4b-bf56-68c1c1f28862","timestamp":"2026-04-06T03:21:32.619Z"}
{"level":"info","message":"ws:join_channel:9b3f0e1e-d681-4a4b-bf56-68c1c1f28862","timestamp":"2026-04-06T03:21:32.636Z"}
{"level":"info","message":"Client disconnected: 80_0aXTcdQOQbIOWAACv","timestamp":"2026-04-06T03:25:38.438Z"}
{"level":"info","message":"Client disconnected: iE0rUQ7vAe_K2i5KAACx","timestamp":"2026-04-06T03:25:38.438Z"}
{"level":"info","message":"Client connected: 5bghKqhTLBtUfUVzAACz","timestamp":"2026-04-06T03:25:39.154Z"}
{"level":"info","message":"Client connected: jSKapJN2EJkgoEWfAAC3","timestamp":"2026-04-06T04:03:47.756Z"}
{"level":"info","message":"ws:leave_channel:9b3f0e1e-d681-4a4b-bf56-68c1c1f28862","timestamp":"2026-04-06T04:03:48.155Z"}
{"level":"info","message":"ws:join_channel:9b3f0e1e-d681-4a4b-bf56-68c1c1f28862","timestamp":"2026-04-06T04:03:48.193Z"}
{"level":"info","message":"ws:join_channel:9b3f0e1e-d681-4a4b-bf56-68c1c1f28862","timestamp":"2026-04-06T04:03:48.196Z"}
{"level":"info","message":"ws:leave_channel:9b3f0e1e-d681-4a4b-bf56-68c1c1f28862","timestamp":"2026-04-06T04:05:47.201Z"}
{"level":"info","message":"Client disconnected: 5bghKqhTLBtUfUVzAACz","timestamp":"2026-04-06T04:05:47.643Z"}
{"level":"info","message":"Client connected: kQ8Rf0PuU9kLP8shAAC5","timestamp":"2026-04-06T04:05:48.613Z"}
{"level":"info","message":"ws:join_channel:9b3f0e1e-d681-4a4b-bf56-68c1c1f28862","timestamp":"2026-04-06T04:05:48.851Z"}
{"level":"info","message":"ws:leave_channel:9b3f0e1e-d681-4a4b-bf56-68c1c1f28862","timestamp":"2026-04-06T04:05:49.043Z"}
{"level":"info","message":"ws:join_channel:9b3f0e1e-d681-4a4b-bf56-68c1c1f28862","timestamp":"2026-04-06T04:05:49.065Z"}
{"level":"info","message":"ws:leave_channel:9b3f0e1e-d681-4a4b-bf56-68c1c1f28862","timestamp":"2026-04-06T04:08:43.354Z"}
{"level":"info","message":"ws:join_channel:9b3f0e1e-d681-4a4b-bf56-68c1c1f28862","timestamp":"2026-04-06T04:08:43.391Z"}
{"level":"info","message":"ws:leave_channel:9b3f0e1e-d681-4a4b-bf56-68c1c1f28862","timestamp":"2026-04-06T04:09:19.291Z"}
{"level":"info","message":"ws:leave_channel:9b3f0e1e-d681-4a4b-bf56-68c1c1f28862","timestamp":"2026-04-06T04:09:19.291Z"}
{"level":"info","message":"ws:join_channel:9b3f0e1e-d681-4a4b-bf56-68c1c1f28862","timestamp":"2026-04-06T04:09:19.527Z"}
{"level":"info","message":"ws:leave_channel:9b3f0e1e-d681-4a4b-bf56-68c1c1f28862","timestamp":"2026-04-06T04:09:19.603Z"}
{"level":"info","message":"ws:join_channel:9b3f0e1e-d681-4a4b-bf56-68c1c1f28862","timestamp":"2026-04-06T04:09:19.628Z"}
{"level":"info","message":"ws:join_channel:9b3f0e1e-d681-4a4b-bf56-68c1c1f28862","timestamp":"2026-04-06T04:09:19.639Z"}
{"level":"info","message":"ws:leave_channel:9b3f0e1e-d681-4a4b-bf56-68c1c1f28862","timestamp":"2026-04-06T04:09:19.656Z"}
{"level":"info","message":"ws:leave_channel:9b3f0e1e-d681-4a4b-bf56-68c1c1f28862","timestamp":"2026-04-06T04:09:19.676Z"}
{"level":"info","message":"ws:join_channel:9b3f0e1e-d681-4a4b-bf56-68c1c1f28862","timestamp":"2026-04-06T04:09:19.677Z"}
{"level":"info","message":"ws:join_channel:9b3f0e1e-d681-4a4b-bf56-68c1c1f28862","timestamp":"2026-04-06T04:09:19.700Z"}
{"level":"info","message":"ws:leave_channel:9b3f0e1e-d681-4a4b-bf56-68c1c1f28862","timestamp":"2026-04-06T04:10:47.677Z"}
{"level":"info","message":"ws:join_channel:9b3f0e1e-d681-4a4b-bf56-68c1c1f28862","timestamp":"2026-04-06T04:10:47.717Z"}
{"level":"info","message":"ws:leave_channel:9b3f0e1e-d681-4a4b-bf56-68c1c1f28862","timestamp":"2026-04-06T04:10:49.648Z"}
{"level":"info","message":"ws:join_channel:9b3f0e1e-d681-4a4b-bf56-68c1c1f28862","timestamp":"2026-04-06T04:10:49.823Z"}
{"level":"info","message":"ws:leave_channel:9b3f0e1e-d681-4a4b-bf56-68c1c1f28862","timestamp":"2026-04-06T04:10:49.989Z"}
{"level":"info","message":"ws:join_channel:9b3f0e1e-d681-4a4b-bf56-68c1c1f28862","timestamp":"2026-04-06T04:10:50.133Z"}
{"level":"info","message":"ws:leave_channel:9b3f0e1e-d681-4a4b-bf56-68c1c1f28862","timestamp":"2026-04-06T04:12:32.482Z"}
{"level":"info","message":"ws:join_channel:9b3f0e1e-d681-4a4b-bf56-68c1c1f28862","timestamp":"2026-04-06T04:12:32.597Z"}
{"level":"info","message":"ws:leave_channel:9b3f0e1e-d681-4a4b-bf56-68c1c1f28862","timestamp":"2026-04-06T04:12:32.635Z"}
{"level":"info","message":"ws:join_channel:9b3f0e1e-d681-4a4b-bf56-68c1c1f28862","timestamp":"2026-04-06T04:12:32.665Z"}
{"level":"info","message":"ws:leave_channel:9b3f0e1e-d681-4a4b-bf56-68c1c1f28862","timestamp":"2026-04-06T04:14:19.701Z"}
{"level":"info","message":"ws:join_channel:9b3f0e1e-d681-4a4b-bf56-68c1c1f28862","timestamp":"2026-04-06T04:14:19.745Z"}
{"level":"info","message":"ws:leave_channel:9b3f0e1e-d681-4a4b-bf56-68c1c1f28862","timestamp":"2026-04-06T04:15:16.684Z"}
{"level":"info","message":"Client disconnected: kQ8Rf0PuU9kLP8shAAC5","timestamp":"2026-04-06T04:15:17.497Z"}
{"level":"info","message":"Client connected: jDvE7OTO9MWBbx4MAAC7","timestamp":"2026-04-06T04:15:18.359Z"}
{"level":"info","message":"ws:join_channel:9b3f0e1e-d681-4a4b-bf56-68c1c1f28862","timestamp":"2026-04-06T04:15:18.672Z"}
{"level":"info","message":"ws:leave_channel:9b3f0e1e-d681-4a4b-bf56-68c1c1f28862","timestamp":"2026-04-06T04:15:18.766Z"}
{"level":"info","message":"ws:join_channel:9b3f0e1e-d681-4a4b-bf56-68c1c1f28862","timestamp":"2026-04-06T04:15:18.838Z"}
{"level":"info","message":"ws:send_message channel:9b3f0e1e-d681-4a4b-bf56-68c1c1f28862 content:ㅇㅋ","timestamp":"2026-04-06T04:15:21.478Z"}
{"level":"info","message":"ws:leave_channel:9b3f0e1e-d681-4a4b-bf56-68c1c1f28862","timestamp":"2026-04-06T04:16:37.598Z"}
{"level":"info","message":"ws:join_channel:9b3f0e1e-d681-4a4b-bf56-68c1c1f28862","timestamp":"2026-04-06T04:16:40.882Z"}
{"level":"info","message":"ws:leave_channel:9b3f0e1e-d681-4a4b-bf56-68c1c1f28862","timestamp":"2026-04-06T04:16:40.914Z"}
{"level":"info","message":"ws:join_channel:9b3f0e1e-d681-4a4b-bf56-68c1c1f28862","timestamp":"2026-04-06T04:16:40.935Z"}
{"level":"info","message":"ws:leave_channel:9b3f0e1e-d681-4a4b-bf56-68c1c1f28862","timestamp":"2026-04-06T04:16:41.000Z"}
{"level":"info","message":"ws:join_channel:9b3f0e1e-d681-4a4b-bf56-68c1c1f28862","timestamp":"2026-04-06T04:16:41.030Z"}
{"level":"info","message":"ws:send_message channel:9b3f0e1e-d681-4a4b-bf56-68c1c1f28862 content:123","timestamp":"2026-04-06T04:16:46.031Z"}
{"level":"info","message":"ws:leave_channel:9b3f0e1e-d681-4a4b-bf56-68c1c1f28862","timestamp":"2026-04-06T04:17:31.536Z"}
{"level":"info","message":"ws:join_channel:9b3f0e1e-d681-4a4b-bf56-68c1c1f28862","timestamp":"2026-04-06T04:17:34.028Z"}
{"level":"info","message":"ws:leave_channel:9b3f0e1e-d681-4a4b-bf56-68c1c1f28862","timestamp":"2026-04-06T04:17:34.093Z"}
{"level":"info","message":"ws:join_channel:9b3f0e1e-d681-4a4b-bf56-68c1c1f28862","timestamp":"2026-04-06T04:17:34.140Z"}
{"level":"info","message":"ws:leave_channel:9b3f0e1e-d681-4a4b-bf56-68c1c1f28862","timestamp":"2026-04-06T04:17:34.154Z"}
{"level":"info","message":"ws:join_channel:9b3f0e1e-d681-4a4b-bf56-68c1c1f28862","timestamp":"2026-04-06T04:17:34.176Z"}
{"level":"info","message":"ws:send_message channel:9b3f0e1e-d681-4a4b-bf56-68c1c1f28862 content:123","timestamp":"2026-04-06T04:17:36.565Z"}
{"level":"info","message":"ws:send_message channel:9b3f0e1e-d681-4a4b-bf56-68c1c1f28862 content:wefijwefoiawjefoijaweofijapwoeifjpaowiejfpoaiwejfpoiawjefopijawefopijaweopfijawopefijaoweifjopiawejfpowiejfpowiejfopaiwjefoijawefpoiawjefoijawefpoijawefpoi","timestamp":"2026-04-06T04:18:58.128Z"}
{"level":"info","message":"ws:leave_channel:9b3f0e1e-d681-4a4b-bf56-68c1c1f28862","timestamp":"2026-04-06T04:20:17.223Z"}
{"level":"info","message":"ws:join_channel:9b3f0e1e-d681-4a4b-bf56-68c1c1f28862","timestamp":"2026-04-06T04:20:17.255Z"}
{"level":"info","message":"ws:leave_channel:9b3f0e1e-d681-4a4b-bf56-68c1c1f28862","timestamp":"2026-04-06T04:23:22.728Z"}
{"level":"info","message":"ws:join_channel:9b3f0e1e-d681-4a4b-bf56-68c1c1f28862","timestamp":"2026-04-06T04:23:22.805Z"}
{"level":"info","message":"ws:leave_channel:9b3f0e1e-d681-4a4b-bf56-68c1c1f28862","timestamp":"2026-04-06T04:23:22.890Z"}
{"level":"info","message":"ws:join_channel:9b3f0e1e-d681-4a4b-bf56-68c1c1f28862","timestamp":"2026-04-06T04:23:22.972Z"}
{"level":"info","message":"ws:leave_channel:9b3f0e1e-d681-4a4b-bf56-68c1c1f28862","timestamp":"2026-04-06T04:23:22.972Z"}
{"level":"info","message":"ws:join_channel:9b3f0e1e-d681-4a4b-bf56-68c1c1f28862","timestamp":"2026-04-06T04:23:23.240Z"}
{"level":"info","message":"ws:send_message channel:9b3f0e1e-d681-4a4b-bf56-68c1c1f28862 content:111","timestamp":"2026-04-06T04:23:24.396Z"}
{"level":"info","message":"ws:send_message channel:9b3f0e1e-d681-4a4b-bf56-68c1c1f28862 content:123","timestamp":"2026-04-06T04:23:42.033Z"}
{"level":"info","message":"ws:send_message channel:9b3f0e1e-d681-4a4b-bf56-68c1c1f28862 content:zzz","timestamp":"2026-04-06T04:24:09.083Z"}
{"level":"info","message":"ws:send_message channel:9b3f0e1e-d681-4a4b-bf56-68c1c1f28862 content:음","timestamp":"2026-04-06T04:24:11.020Z"}
{"level":"info","message":"ws:send_message channel:9b3f0e1e-d681-4a4b-bf56-68c1c1f28862 content:이렇게 되니까","timestamp":"2026-04-06T04:24:13.272Z"}
{"level":"info","message":"ws:send_message channel:9b3f0e1e-d681-4a4b-bf56-68c1c1f28862 content:나쁮 ㅣ않군","timestamp":"2026-04-06T04:24:15.294Z"}
{"level":"info","message":"ws:send_message channel:9b3f0e1e-d681-4a4b-bf56-68c1c1f28862 content:ㅎㅎ","timestamp":"2026-04-06T04:25:16.161Z"}
{"level":"info","message":"ws:send_message channel:9b3f0e1e-d681-4a4b-bf56-68c1c1f28862 content:굿","timestamp":"2026-04-06T04:25:18.972Z"}
{"level":"info","message":"ws:leave_channel:9b3f0e1e-d681-4a4b-bf56-68c1c1f28862","timestamp":"2026-04-06T04:26:47.720Z"}
{"level":"info","message":"ws:join_channel:9b3f0e1e-d681-4a4b-bf56-68c1c1f28862","timestamp":"2026-04-06T04:26:47.784Z"}
{"level":"info","message":"ws:leave_channel:9b3f0e1e-d681-4a4b-bf56-68c1c1f28862","timestamp":"2026-04-06T04:26:47.864Z"}
{"level":"info","message":"ws:join_channel:9b3f0e1e-d681-4a4b-bf56-68c1c1f28862","timestamp":"2026-04-06T04:26:47.888Z"}
{"level":"info","message":"ws:leave_channel:9b3f0e1e-d681-4a4b-bf56-68c1c1f28862","timestamp":"2026-04-06T04:26:54.006Z"}
{"level":"info","message":"ws:join_channel:9b3f0e1e-d681-4a4b-bf56-68c1c1f28862","timestamp":"2026-04-06T04:26:54.272Z"}
{"level":"info","message":"ws:leave_channel:9b3f0e1e-d681-4a4b-bf56-68c1c1f28862","timestamp":"2026-04-06T04:26:54.342Z"}
{"level":"info","message":"ws:join_channel:9b3f0e1e-d681-4a4b-bf56-68c1c1f28862","timestamp":"2026-04-06T04:26:54.359Z"}
{"level":"info","message":"ws:leave_channel:9b3f0e1e-d681-4a4b-bf56-68c1c1f28862","timestamp":"2026-04-06T04:28:23.393Z"}
{"level":"info","message":"ws:join_channel:9b3f0e1e-d681-4a4b-bf56-68c1c1f28862","timestamp":"2026-04-06T04:28:23.485Z"}
{"level":"info","message":"ws:leave_channel:9b3f0e1e-d681-4a4b-bf56-68c1c1f28862","timestamp":"2026-04-06T04:56:37.821Z"}
{"level":"info","message":"ws:join_channel:9b3f0e1e-d681-4a4b-bf56-68c1c1f28862","timestamp":"2026-04-06T04:56:37.982Z"}
{"level":"info","message":"ws:leave_channel:9b3f0e1e-d681-4a4b-bf56-68c1c1f28862","timestamp":"2026-04-06T04:56:38.120Z"}
{"level":"info","message":"ws:join_channel:9b3f0e1e-d681-4a4b-bf56-68c1c1f28862","timestamp":"2026-04-06T04:56:38.123Z"}
{"level":"info","message":"ws:leave_channel:9b3f0e1e-d681-4a4b-bf56-68c1c1f28862","timestamp":"2026-04-06T04:56:38.142Z"}
{"level":"info","message":"ws:join_channel:9b3f0e1e-d681-4a4b-bf56-68c1c1f28862","timestamp":"2026-04-06T04:56:38.235Z"}
{"level":"info","message":"ws:leave_channel:9b3f0e1e-d681-4a4b-bf56-68c1c1f28862","timestamp":"2026-04-06T04:56:38.264Z"}
{"level":"info","message":"ws:join_channel:9b3f0e1e-d681-4a4b-bf56-68c1c1f28862","timestamp":"2026-04-06T04:56:38.266Z"}
{"level":"info","message":"ws:leave_channel:9b3f0e1e-d681-4a4b-bf56-68c1c1f28862","timestamp":"2026-04-06T04:56:38.341Z"}
{"level":"info","message":"ws:join_channel:9b3f0e1e-d681-4a4b-bf56-68c1c1f28862","timestamp":"2026-04-06T04:56:38.350Z"}
{"level":"info","message":"ws:leave_channel:9b3f0e1e-d681-4a4b-bf56-68c1c1f28862","timestamp":"2026-04-06T04:56:39.290Z"}
{"level":"info","message":"ws:join_channel:9b3f0e1e-d681-4a4b-bf56-68c1c1f28862","timestamp":"2026-04-06T04:56:39.294Z"}
{"level":"info","message":"ws:leave_channel:9b3f0e1e-d681-4a4b-bf56-68c1c1f28862","timestamp":"2026-04-06T04:56:39.386Z"}
{"level":"info","message":"ws:join_channel:9b3f0e1e-d681-4a4b-bf56-68c1c1f28862","timestamp":"2026-04-06T04:56:39.393Z"}
{"level":"info","message":"ws:leave_channel:9b3f0e1e-d681-4a4b-bf56-68c1c1f28862","timestamp":"2026-04-06T04:56:41.479Z"}
{"level":"info","message":"Client disconnected: jSKapJN2EJkgoEWfAAC3","timestamp":"2026-04-06T04:56:47.265Z"}
{"level":"info","message":"Client connected: 72w6r_4ZdRyHshh7AAC9","timestamp":"2026-04-06T04:56:49.060Z"}
{"level":"info","message":"ws:join_channel:9b3f0e1e-d681-4a4b-bf56-68c1c1f28862","timestamp":"2026-04-06T04:56:49.228Z"}
{"level":"info","message":"ws:leave_channel:9b3f0e1e-d681-4a4b-bf56-68c1c1f28862","timestamp":"2026-04-06T04:56:49.412Z"}
{"level":"info","message":"ws:join_channel:9b3f0e1e-d681-4a4b-bf56-68c1c1f28862","timestamp":"2026-04-06T04:56:49.428Z"}
{"level":"info","message":"ws:leave_channel:9b3f0e1e-d681-4a4b-bf56-68c1c1f28862","timestamp":"2026-04-06T04:56:56.111Z"}
{"level":"info","message":"Client disconnected: jDvE7OTO9MWBbx4MAAC7","timestamp":"2026-04-06T04:56:56.364Z"}
{"level":"info","message":"Client connected: DxQlEuHhJ1PED2b3AAC_","timestamp":"2026-04-06T04:56:57.208Z"}
{"level":"info","message":"ws:join_channel:9b3f0e1e-d681-4a4b-bf56-68c1c1f28862","timestamp":"2026-04-06T04:56:57.429Z"}
{"level":"info","message":"ws:leave_channel:9b3f0e1e-d681-4a4b-bf56-68c1c1f28862","timestamp":"2026-04-06T04:56:57.596Z"}
{"level":"info","message":"ws:join_channel:9b3f0e1e-d681-4a4b-bf56-68c1c1f28862","timestamp":"2026-04-06T04:56:57.617Z"}
{"level":"info","message":"ws:leave_channel:9b3f0e1e-d681-4a4b-bf56-68c1c1f28862","timestamp":"2026-04-06T04:57:00.808Z"}
{"level":"info","message":"ws:join_channel:9b3f0e1e-d681-4a4b-bf56-68c1c1f28862","timestamp":"2026-04-06T04:57:00.834Z"}
{"level":"info","message":"ws:leave_channel:9b3f0e1e-d681-4a4b-bf56-68c1c1f28862","timestamp":"2026-04-06T04:57:00.878Z"}
{"level":"info","message":"ws:join_channel:9b3f0e1e-d681-4a4b-bf56-68c1c1f28862","timestamp":"2026-04-06T04:57:00.910Z"}
{"level":"info","message":"ws:leave_channel:9b3f0e1e-d681-4a4b-bf56-68c1c1f28862","timestamp":"2026-04-06T04:57:02.747Z"}
{"level":"info","message":"ws:join_channel:9b3f0e1e-d681-4a4b-bf56-68c1c1f28862","timestamp":"2026-04-06T04:57:02.766Z"}
{"level":"info","message":"ws:leave_channel:9b3f0e1e-d681-4a4b-bf56-68c1c1f28862","timestamp":"2026-04-06T04:57:02.814Z"}
{"level":"info","message":"ws:join_channel:9b3f0e1e-d681-4a4b-bf56-68c1c1f28862","timestamp":"2026-04-06T04:57:02.832Z"}
{"level":"info","message":"ws:leave_channel:9b3f0e1e-d681-4a4b-bf56-68c1c1f28862","timestamp":"2026-04-06T04:57:03.766Z"}
{"level":"info","message":"ws:join_channel:9b3f0e1e-d681-4a4b-bf56-68c1c1f28862","timestamp":"2026-04-06T04:57:03.785Z"}
{"level":"info","message":"ws:leave_channel:9b3f0e1e-d681-4a4b-bf56-68c1c1f28862","timestamp":"2026-04-06T04:57:03.829Z"}
{"level":"info","message":"ws:join_channel:9b3f0e1e-d681-4a4b-bf56-68c1c1f28862","timestamp":"2026-04-06T04:57:03.847Z"}
{"level":"info","message":"ws:leave_channel:9b3f0e1e-d681-4a4b-bf56-68c1c1f28862","timestamp":"2026-04-06T05:01:45.337Z"}
{"level":"info","message":"ws:join_channel:9b3f0e1e-d681-4a4b-bf56-68c1c1f28862","timestamp":"2026-04-06T05:01:45.380Z"}
{"level":"info","message":"ws:leave_channel:9b3f0e1e-d681-4a4b-bf56-68c1c1f28862","timestamp":"2026-04-06T05:01:56.325Z"}
{"level":"info","message":"ws:join_channel:9b3f0e1e-d681-4a4b-bf56-68c1c1f28862","timestamp":"2026-04-06T05:01:56.346Z"}
{"level":"info","message":"ws:leave_channel:9b3f0e1e-d681-4a4b-bf56-68c1c1f28862","timestamp":"2026-04-06T05:47:44.674Z"}
{"level":"info","message":"ws:join_channel:9b3f0e1e-d681-4a4b-bf56-68c1c1f28862","timestamp":"2026-04-06T05:47:44.710Z"}
{"level":"info","message":"ws:leave_channel:9b3f0e1e-d681-4a4b-bf56-68c1c1f28862","timestamp":"2026-04-06T05:47:44.861Z"}
{"level":"info","message":"ws:join_channel:9b3f0e1e-d681-4a4b-bf56-68c1c1f28862","timestamp":"2026-04-06T05:47:44.864Z"}
{"level":"info","message":"ws:leave_channel:9b3f0e1e-d681-4a4b-bf56-68c1c1f28862","timestamp":"2026-04-06T05:47:44.884Z"}
{"level":"info","message":"ws:join_channel:9b3f0e1e-d681-4a4b-bf56-68c1c1f28862","timestamp":"2026-04-06T05:47:45.039Z"}
{"level":"info","message":"ws:leave_channel:9b3f0e1e-d681-4a4b-bf56-68c1c1f28862","timestamp":"2026-04-06T05:47:45.050Z"}
{"level":"info","message":"ws:join_channel:9b3f0e1e-d681-4a4b-bf56-68c1c1f28862","timestamp":"2026-04-06T05:47:45.052Z"}
{"level":"info","message":"ws:leave_channel:9b3f0e1e-d681-4a4b-bf56-68c1c1f28862","timestamp":"2026-04-06T05:47:45.179Z"}
{"level":"info","message":"ws:join_channel:9b3f0e1e-d681-4a4b-bf56-68c1c1f28862","timestamp":"2026-04-06T05:47:45.181Z"}
{"level":"info","message":"ws:leave_channel:9b3f0e1e-d681-4a4b-bf56-68c1c1f28862","timestamp":"2026-04-06T05:47:52.395Z"}
{"level":"info","message":"ws:join_channel:9b3f0e1e-d681-4a4b-bf56-68c1c1f28862","timestamp":"2026-04-06T05:47:52.406Z"}
{"level":"info","message":"ws:leave_channel:9b3f0e1e-d681-4a4b-bf56-68c1c1f28862","timestamp":"2026-04-06T05:47:52.661Z"}
{"level":"info","message":"ws:join_channel:9b3f0e1e-d681-4a4b-bf56-68c1c1f28862","timestamp":"2026-04-06T05:47:52.664Z"}
{"level":"info","message":"ws:leave_channel:9b3f0e1e-d681-4a4b-bf56-68c1c1f28862","timestamp":"2026-04-06T05:48:24.589Z"}
{"level":"info","message":"ws:join_channel:9b3f0e1e-d681-4a4b-bf56-68c1c1f28862","timestamp":"2026-04-06T05:48:24.603Z"}
{"level":"info","message":"ws:leave_channel:9b3f0e1e-d681-4a4b-bf56-68c1c1f28862","timestamp":"2026-04-06T05:48:24.670Z"}
{"level":"info","message":"ws:join_channel:9b3f0e1e-d681-4a4b-bf56-68c1c1f28862","timestamp":"2026-04-06T05:48:24.703Z"}
{"level":"info","message":"ws:leave_channel:9b3f0e1e-d681-4a4b-bf56-68c1c1f28862","timestamp":"2026-04-06T05:52:45.358Z"}
{"level":"info","message":"ws:join_channel:9b3f0e1e-d681-4a4b-bf56-68c1c1f28862","timestamp":"2026-04-06T05:52:45.370Z"}
{"level":"info","message":"ws:leave_channel:9b3f0e1e-d681-4a4b-bf56-68c1c1f28862","timestamp":"2026-04-06T06:30:40.309Z"}
{"level":"info","message":"ws:join_channel:9b3f0e1e-d681-4a4b-bf56-68c1c1f28862","timestamp":"2026-04-06T06:30:40.334Z"}
{"level":"info","message":"ws:leave_channel:9b3f0e1e-d681-4a4b-bf56-68c1c1f28862","timestamp":"2026-04-06T06:30:40.445Z"}
{"level":"info","message":"ws:join_channel:9b3f0e1e-d681-4a4b-bf56-68c1c1f28862","timestamp":"2026-04-06T06:30:40.447Z"}
{"level":"info","message":"ws:leave_channel:9b3f0e1e-d681-4a4b-bf56-68c1c1f28862","timestamp":"2026-04-06T06:30:40.474Z"}
{"level":"info","message":"ws:join_channel:9b3f0e1e-d681-4a4b-bf56-68c1c1f28862","timestamp":"2026-04-06T06:30:40.615Z"}
{"level":"info","message":"ws:leave_channel:9b3f0e1e-d681-4a4b-bf56-68c1c1f28862","timestamp":"2026-04-06T06:30:40.629Z"}
{"level":"info","message":"ws:join_channel:9b3f0e1e-d681-4a4b-bf56-68c1c1f28862","timestamp":"2026-04-06T06:30:40.633Z"}
{"level":"info","message":"ws:leave_channel:9b3f0e1e-d681-4a4b-bf56-68c1c1f28862","timestamp":"2026-04-06T06:30:40.781Z"}
{"level":"info","message":"ws:join_channel:9b3f0e1e-d681-4a4b-bf56-68c1c1f28862","timestamp":"2026-04-06T06:30:40.785Z"}
{"level":"info","message":"ws:leave_channel:9b3f0e1e-d681-4a4b-bf56-68c1c1f28862","timestamp":"2026-04-06T06:30:41.337Z"}
{"level":"info","message":"ws:join_channel:9b3f0e1e-d681-4a4b-bf56-68c1c1f28862","timestamp":"2026-04-06T06:30:41.359Z"}
{"level":"info","message":"ws:leave_channel:9b3f0e1e-d681-4a4b-bf56-68c1c1f28862","timestamp":"2026-04-06T06:30:41.433Z"}
{"level":"info","message":"ws:join_channel:9b3f0e1e-d681-4a4b-bf56-68c1c1f28862","timestamp":"2026-04-06T06:30:41.436Z"}
{"level":"info","message":"ws:leave_channel:9b3f0e1e-d681-4a4b-bf56-68c1c1f28862","timestamp":"2026-04-06T06:30:48.844Z"}
{"level":"info","message":"ws:join_channel:9b3f0e1e-d681-4a4b-bf56-68c1c1f28862","timestamp":"2026-04-06T06:30:48.871Z"}
{"level":"info","message":"ws:leave_channel:9b3f0e1e-d681-4a4b-bf56-68c1c1f28862","timestamp":"2026-04-06T06:30:48.920Z"}
{"level":"info","message":"ws:join_channel:9b3f0e1e-d681-4a4b-bf56-68c1c1f28862","timestamp":"2026-04-06T06:30:48.923Z"}
{"level":"info","message":"ws:leave_channel:9b3f0e1e-d681-4a4b-bf56-68c1c1f28862","timestamp":"2026-04-06T06:35:41.354Z"}
{"level":"info","message":"ws:join_channel:9b3f0e1e-d681-4a4b-bf56-68c1c1f28862","timestamp":"2026-04-06T06:35:41.364Z"}
{"level":"info","message":"ws:leave_channel:9b3f0e1e-d681-4a4b-bf56-68c1c1f28862","timestamp":"2026-04-06T07:02:48.286Z"}
{"level":"info","message":"ws:join_channel:9b3f0e1e-d681-4a4b-bf56-68c1c1f28862","timestamp":"2026-04-06T07:02:48.319Z"}
{"level":"info","message":"ws:leave_channel:9b3f0e1e-d681-4a4b-bf56-68c1c1f28862","timestamp":"2026-04-06T07:02:48.555Z"}
{"level":"info","message":"ws:join_channel:9b3f0e1e-d681-4a4b-bf56-68c1c1f28862","timestamp":"2026-04-06T07:02:48.557Z"}
{"level":"info","message":"ws:leave_channel:9b3f0e1e-d681-4a4b-bf56-68c1c1f28862","timestamp":"2026-04-06T07:02:48.666Z"}
{"level":"info","message":"ws:join_channel:9b3f0e1e-d681-4a4b-bf56-68c1c1f28862","timestamp":"2026-04-06T07:02:48.756Z"}
{"level":"info","message":"ws:leave_channel:9b3f0e1e-d681-4a4b-bf56-68c1c1f28862","timestamp":"2026-04-06T07:02:48.764Z"}
{"level":"info","message":"ws:join_channel:9b3f0e1e-d681-4a4b-bf56-68c1c1f28862","timestamp":"2026-04-06T07:02:48.768Z"}
{"level":"info","message":"ws:leave_channel:9b3f0e1e-d681-4a4b-bf56-68c1c1f28862","timestamp":"2026-04-06T07:02:48.831Z"}
{"level":"info","message":"ws:join_channel:9b3f0e1e-d681-4a4b-bf56-68c1c1f28862","timestamp":"2026-04-06T07:02:48.832Z"}
{"level":"info","message":"ws:leave_channel:9b3f0e1e-d681-4a4b-bf56-68c1c1f28862","timestamp":"2026-04-06T07:02:48.898Z"}
{"level":"info","message":"Client disconnected: 72w6r_4ZdRyHshh7AAC9","timestamp":"2026-04-06T07:02:49.756Z"}
{"level":"info","message":"Client connected: Fs1LGbBWmB6a9Qh0AADB","timestamp":"2026-04-06T07:02:50.794Z"}
{"level":"info","message":"ws:join_channel:9b3f0e1e-d681-4a4b-bf56-68c1c1f28862","timestamp":"2026-04-06T07:02:50.870Z"}
{"level":"info","message":"ws:leave_channel:9b3f0e1e-d681-4a4b-bf56-68c1c1f28862","timestamp":"2026-04-06T07:02:50.921Z"}
{"level":"info","message":"ws:join_channel:9b3f0e1e-d681-4a4b-bf56-68c1c1f28862","timestamp":"2026-04-06T07:02:50.937Z"}
{"level":"info","message":"ws:leave_channel:9b3f0e1e-d681-4a4b-bf56-68c1c1f28862","timestamp":"2026-04-06T07:02:53.707Z"}
{"level":"info","message":"ws:leave_channel:9b3f0e1e-d681-4a4b-bf56-68c1c1f28862","timestamp":"2026-04-06T07:04:52.981Z"}
{"level":"info","message":"ws:leave_channel:9b3f0e1e-d681-4a4b-bf56-68c1c1f28862","timestamp":"2026-04-06T07:04:53.105Z"}
{"level":"info","message":"ws:join_channel:9b3f0e1e-d681-4a4b-bf56-68c1c1f28862","timestamp":"2026-04-06T07:04:53.120Z"}
{"level":"info","message":"ws:join_channel:9b3f0e1e-d681-4a4b-bf56-68c1c1f28862","timestamp":"2026-04-06T07:04:53.124Z"}
{"level":"info","message":"ws:leave_channel:9b3f0e1e-d681-4a4b-bf56-68c1c1f28862","timestamp":"2026-04-06T07:04:53.149Z"}
{"level":"info","message":"ws:join_channel:9b3f0e1e-d681-4a4b-bf56-68c1c1f28862","timestamp":"2026-04-06T07:04:53.163Z"}
{"level":"info","message":"ws:leave_channel:9b3f0e1e-d681-4a4b-bf56-68c1c1f28862","timestamp":"2026-04-06T07:04:53.336Z"}
{"level":"info","message":"ws:join_channel:9b3f0e1e-d681-4a4b-bf56-68c1c1f28862","timestamp":"2026-04-06T07:04:53.505Z"}
{"level":"info","message":"ws:leave_channel:9b3f0e1e-d681-4a4b-bf56-68c1c1f28862","timestamp":"2026-04-06T07:04:53.540Z"}
{"level":"info","message":"ws:join_channel:9b3f0e1e-d681-4a4b-bf56-68c1c1f28862","timestamp":"2026-04-06T07:04:53.549Z"}
{"level":"info","message":"ws:leave_channel:9b3f0e1e-d681-4a4b-bf56-68c1c1f28862","timestamp":"2026-04-06T07:04:53.624Z"}
{"level":"info","message":"ws:join_channel:9b3f0e1e-d681-4a4b-bf56-68c1c1f28862","timestamp":"2026-04-06T07:04:53.628Z"}
{"level":"info","message":"ws:leave_channel:9b3f0e1e-d681-4a4b-bf56-68c1c1f28862","timestamp":"2026-04-06T07:09:53.506Z"}
{"level":"info","message":"ws:join_channel:9b3f0e1e-d681-4a4b-bf56-68c1c1f28862","timestamp":"2026-04-06T07:09:53.528Z"}
{"level":"info","message":"ws:leave_channel:9b3f0e1e-d681-4a4b-bf56-68c1c1f28862","timestamp":"2026-04-06T07:45:35.894Z"}
{"level":"info","message":"ws:leave_channel:9b3f0e1e-d681-4a4b-bf56-68c1c1f28862","timestamp":"2026-04-06T07:45:35.951Z"}
{"level":"info","message":"ws:join_channel:9b3f0e1e-d681-4a4b-bf56-68c1c1f28862","timestamp":"2026-04-06T07:45:36.097Z"}
{"level":"info","message":"ws:join_channel:9b3f0e1e-d681-4a4b-bf56-68c1c1f28862","timestamp":"2026-04-06T07:45:36.117Z"}
{"level":"info","message":"ws:leave_channel:9b3f0e1e-d681-4a4b-bf56-68c1c1f28862","timestamp":"2026-04-06T07:45:36.672Z"}
{"level":"info","message":"ws:join_channel:9b3f0e1e-d681-4a4b-bf56-68c1c1f28862","timestamp":"2026-04-06T07:45:36.682Z"}
{"level":"info","message":"ws:leave_channel:9b3f0e1e-d681-4a4b-bf56-68c1c1f28862","timestamp":"2026-04-06T07:45:36.688Z"}
{"level":"info","message":"Client disconnected: Fs1LGbBWmB6a9Qh0AADB","timestamp":"2026-04-06T07:45:42.518Z"}
{"level":"info","message":"Client disconnected: DxQlEuHhJ1PED2b3AAC_","timestamp":"2026-04-06T07:45:42.529Z"}
{"level":"info","message":"Client connected: XdcptJwTgccoFfrkAADH","timestamp":"2026-04-06T07:46:47.531Z"}
{"level":"info","message":"Client connected: V_x_9z5N-UnO3JmPAADJ","timestamp":"2026-04-06T07:46:47.758Z"}
{"level":"info","message":"ws:join_channel:9b3f0e1e-d681-4a4b-bf56-68c1c1f28862","timestamp":"2026-04-06T07:46:47.851Z"}
{"level":"info","message":"ws:leave_channel:9b3f0e1e-d681-4a4b-bf56-68c1c1f28862","timestamp":"2026-04-06T07:50:36.680Z"}
{"level":"info","message":"ws:join_channel:9b3f0e1e-d681-4a4b-bf56-68c1c1f28862","timestamp":"2026-04-06T07:50:36.809Z"}
{"level":"info","message":"ws:leave_channel:9b3f0e1e-d681-4a4b-bf56-68c1c1f28862","timestamp":"2026-04-06T07:54:16.339Z"}
{"level":"info","message":"ws:leave_channel:9b3f0e1e-d681-4a4b-bf56-68c1c1f28862","timestamp":"2026-04-06T07:54:16.395Z"}
{"level":"info","message":"ws:join_channel:9b3f0e1e-d681-4a4b-bf56-68c1c1f28862","timestamp":"2026-04-06T07:54:17.255Z"}
{"level":"info","message":"ws:join_channel:9b3f0e1e-d681-4a4b-bf56-68c1c1f28862","timestamp":"2026-04-06T07:54:17.257Z"}
{"level":"info","message":"ws:leave_channel:9b3f0e1e-d681-4a4b-bf56-68c1c1f28862","timestamp":"2026-04-06T07:54:18.071Z"}
{"level":"info","message":"ws:join_channel:9b3f0e1e-d681-4a4b-bf56-68c1c1f28862","timestamp":"2026-04-06T07:54:18.268Z"}
{"level":"info","message":"ws:leave_channel:9b3f0e1e-d681-4a4b-bf56-68c1c1f28862","timestamp":"2026-04-06T07:54:18.932Z"}
{"level":"info","message":"ws:join_channel:9b3f0e1e-d681-4a4b-bf56-68c1c1f28862","timestamp":"2026-04-06T07:54:19.128Z"}
{"level":"info","message":"ws:leave_channel:9b3f0e1e-d681-4a4b-bf56-68c1c1f28862","timestamp":"2026-04-06T07:54:20.401Z"}
{"level":"info","message":"ws:join_channel:9b3f0e1e-d681-4a4b-bf56-68c1c1f28862","timestamp":"2026-04-06T07:54:20.667Z"}
{"level":"info","message":"ws:leave_channel:9b3f0e1e-d681-4a4b-bf56-68c1c1f28862","timestamp":"2026-04-06T07:55:05.050Z"}
{"level":"info","message":"ws:join_channel:9b3f0e1e-d681-4a4b-bf56-68c1c1f28862","timestamp":"2026-04-06T07:55:05.425Z"}
{"level":"info","message":"ws:leave_channel:9b3f0e1e-d681-4a4b-bf56-68c1c1f28862","timestamp":"2026-04-06T07:55:14.019Z"}
{"level":"info","message":"ws:join_channel:9b3f0e1e-d681-4a4b-bf56-68c1c1f28862","timestamp":"2026-04-06T07:55:14.326Z"}
{"level":"info","message":"Client disconnected: V_x_9z5N-UnO3JmPAADJ","timestamp":"2026-04-06T07:58:07.299Z"}
{"level":"info","message":"Client connected: aHaps57wiQ9BvmDQAADL","timestamp":"2026-04-06T07:58:12.528Z"}
{"level":"info","message":"ws:leave_channel:9b3f0e1e-d681-4a4b-bf56-68c1c1f28862","timestamp":"2026-04-06T07:58:12.566Z"}
{"level":"info","message":"ws:join_channel:9b3f0e1e-d681-4a4b-bf56-68c1c1f28862","timestamp":"2026-04-06T07:58:12.825Z"}
{"level":"info","message":"ws:leave_channel:9b3f0e1e-d681-4a4b-bf56-68c1c1f28862","timestamp":"2026-04-06T07:58:12.937Z"}
{"level":"info","message":"ws:join_channel:9b3f0e1e-d681-4a4b-bf56-68c1c1f28862","timestamp":"2026-04-06T07:58:13.017Z"}
{"level":"info","message":"Client disconnected: aHaps57wiQ9BvmDQAADL","timestamp":"2026-04-06T07:58:17.469Z"}
{"level":"info","message":"Client connected: ukHM2ZueRRboMpDsAADN","timestamp":"2026-04-06T07:58:20.098Z"}
{"level":"info","message":"ws:join_channel:9b3f0e1e-d681-4a4b-bf56-68c1c1f28862","timestamp":"2026-04-06T07:58:20.429Z"}
{"level":"info","message":"ws:leave_channel:9b3f0e1e-d681-4a4b-bf56-68c1c1f28862","timestamp":"2026-04-06T07:58:20.675Z"}
{"level":"info","message":"ws:join_channel:9b3f0e1e-d681-4a4b-bf56-68c1c1f28862","timestamp":"2026-04-06T07:58:20.820Z"}
{"level":"info","message":"Client disconnected: XdcptJwTgccoFfrkAADH","timestamp":"2026-04-06T07:58:44.125Z"}
{"level":"info","message":"Client connected: 62TnKUr1PC2p1yk9AADP","timestamp":"2026-04-06T07:58:45.115Z"}
{"level":"info","message":"ws:leave_channel:9b3f0e1e-d681-4a4b-bf56-68c1c1f28862","timestamp":"2026-04-06T07:59:02.567Z"}
{"level":"info","message":"ws:leave_channel:9b3f0e1e-d681-4a4b-bf56-68c1c1f28862","timestamp":"2026-04-06T07:59:02.691Z"}
{"level":"info","message":"ws:join_channel:9b3f0e1e-d681-4a4b-bf56-68c1c1f28862","timestamp":"2026-04-06T07:59:06.584Z"}
{"level":"info","message":"ws:join_channel:9b3f0e1e-d681-4a4b-bf56-68c1c1f28862","timestamp":"2026-04-06T07:59:06.743Z"}
{"level":"info","message":"ws:leave_channel:9b3f0e1e-d681-4a4b-bf56-68c1c1f28862","timestamp":"2026-04-06T07:59:09.384Z"}
{"level":"info","message":"ws:join_channel:9b3f0e1e-d681-4a4b-bf56-68c1c1f28862","timestamp":"2026-04-06T07:59:10.047Z"}
{"level":"info","message":"ws:leave_channel:9b3f0e1e-d681-4a4b-bf56-68c1c1f28862","timestamp":"2026-04-06T07:59:10.718Z"}
{"level":"info","message":"ws:leave_channel:9b3f0e1e-d681-4a4b-bf56-68c1c1f28862","timestamp":"2026-04-06T07:59:10.758Z"}
{"level":"info","message":"ws:join_channel:9b3f0e1e-d681-4a4b-bf56-68c1c1f28862","timestamp":"2026-04-06T07:59:11.130Z"}
{"level":"info","message":"ws:join_channel:9b3f0e1e-d681-4a4b-bf56-68c1c1f28862","timestamp":"2026-04-06T07:59:11.131Z"}
{"level":"info","message":"ws:leave_channel:9b3f0e1e-d681-4a4b-bf56-68c1c1f28862","timestamp":"2026-04-06T07:59:12.496Z"}
{"level":"info","message":"ws:join_channel:9b3f0e1e-d681-4a4b-bf56-68c1c1f28862","timestamp":"2026-04-06T07:59:13.168Z"}
{"level":"info","message":"ws:join_channel:9b3f0e1e-d681-4a4b-bf56-68c1c1f28862","timestamp":"2026-04-06T07:59:13.172Z"}
{"level":"info","message":"ws:leave_channel:9b3f0e1e-d681-4a4b-bf56-68c1c1f28862","timestamp":"2026-04-06T07:59:15.236Z"}
{"level":"info","message":"ws:join_channel:9b3f0e1e-d681-4a4b-bf56-68c1c1f28862","timestamp":"2026-04-06T07:59:15.912Z"}
{"level":"info","message":"environment path: .env.development","timestamp":"2026-04-06T08:00:49.639Z"}
{"level":"info","message":"Server is running on port 4004","timestamp":"2026-04-06T08:00:49.639Z"}
{"level":"info","message":"Client connected: gMltA6UvnsBR2BfmAAAB","timestamp":"2026-04-06T08:00:51.381Z"}
{"level":"info","message":"ws:leave_channel:9b3f0e1e-d681-4a4b-bf56-68c1c1f28862","timestamp":"2026-04-06T08:00:53.754Z"}
{"level":"info","message":"Client connected: 7Sq6mkGm1Bw9xC_7AAAD","timestamp":"2026-04-06T08:00:53.815Z"}
{"level":"info","message":"ws:leave_channel:9b3f0e1e-d681-4a4b-bf56-68c1c1f28862","timestamp":"2026-04-06T08:00:54.186Z"}
{"level":"info","message":"ws:leave_channel:9b3f0e1e-d681-4a4b-bf56-68c1c1f28862","timestamp":"2026-04-06T08:00:54.223Z"}
{"level":"info","message":"Client disconnected: gMltA6UvnsBR2BfmAAAB","timestamp":"2026-04-06T08:00:56.912Z"}
{"level":"info","message":"Client disconnected: 7Sq6mkGm1Bw9xC_7AAAD","timestamp":"2026-04-06T08:00:56.913Z"}
{"level":"info","message":"Client connected: BAGpavZaJ7-UBfPCAAAF","timestamp":"2026-04-06T08:00:59.921Z"}
{"level":"info","message":"Client connected: VJhTA96xpWT9xxgkAAAH","timestamp":"2026-04-06T08:01:00.079Z"}
{"level":"info","message":"ws:join_channel:9b3f0e1e-d681-4a4b-bf56-68c1c1f28862","timestamp":"2026-04-06T08:01:00.680Z"}
{"level":"info","message":"ws:leave_channel:9b3f0e1e-d681-4a4b-bf56-68c1c1f28862","timestamp":"2026-04-06T08:01:00.698Z"}
{"level":"info","message":"ws:join_channel:9b3f0e1e-d681-4a4b-bf56-68c1c1f28862","timestamp":"2026-04-06T08:01:00.707Z"}
{"level":"info","message":"ws:join_channel:9b3f0e1e-d681-4a4b-bf56-68c1c1f28862","timestamp":"2026-04-06T08:01:00.848Z"}
{"level":"info","message":"ws:leave_channel:9b3f0e1e-d681-4a4b-bf56-68c1c1f28862","timestamp":"2026-04-06T08:01:00.926Z"}
{"level":"info","message":"ws:join_channel:9b3f0e1e-d681-4a4b-bf56-68c1c1f28862","timestamp":"2026-04-06T08:01:00.976Z"}
{"level":"info","message":"ws:leave_channel:9b3f0e1e-d681-4a4b-bf56-68c1c1f28862","timestamp":"2026-04-06T08:01:19.284Z"}
{"level":"info","message":"Client disconnected: BAGpavZaJ7-UBfPCAAAF","timestamp":"2026-04-06T08:01:19.742Z"}
{"level":"info","message":"Client connected: PrrgySWTUj4ZbSvzAAAJ","timestamp":"2026-04-06T08:01:20.409Z"}
{"level":"info","message":"ws:join_channel:9b3f0e1e-d681-4a4b-bf56-68c1c1f28862","timestamp":"2026-04-06T08:01:20.490Z"}
{"level":"info","message":"ws:leave_channel:9b3f0e1e-d681-4a4b-bf56-68c1c1f28862","timestamp":"2026-04-06T08:01:20.634Z"}
{"level":"info","message":"ws:join_channel:9b3f0e1e-d681-4a4b-bf56-68c1c1f28862","timestamp":"2026-04-06T08:01:20.737Z"}
{"level":"info","message":"ws:leave_channel:9b3f0e1e-d681-4a4b-bf56-68c1c1f28862","timestamp":"2026-04-06T08:04:45.805Z"}
{"level":"info","message":"ws:join_channel:9b3f0e1e-d681-4a4b-bf56-68c1c1f28862","timestamp":"2026-04-06T08:04:46.109Z"}
{"level":"info","message":"ws:leave_channel:9b3f0e1e-d681-4a4b-bf56-68c1c1f28862","timestamp":"2026-04-06T08:04:46.170Z"}
{"level":"info","message":"ws:join_channel:9b3f0e1e-d681-4a4b-bf56-68c1c1f28862","timestamp":"2026-04-06T08:04:46.186Z"}
{"level":"info","message":"ws:leave_channel:9b3f0e1e-d681-4a4b-bf56-68c1c1f28862","timestamp":"2026-04-06T08:04:47.058Z"}
{"level":"info","message":"Client disconnected: VJhTA96xpWT9xxgkAAAH","timestamp":"2026-04-06T08:04:47.252Z"}
{"level":"info","message":"Client connected: cURmuSLvzHsTUteoAAAL","timestamp":"2026-04-06T08:04:48.160Z"}
{"level":"info","message":"ws:join_channel:9b3f0e1e-d681-4a4b-bf56-68c1c1f28862","timestamp":"2026-04-06T08:04:48.367Z"}
{"level":"info","message":"ws:leave_channel:9b3f0e1e-d681-4a4b-bf56-68c1c1f28862","timestamp":"2026-04-06T08:04:48.411Z"}
{"level":"info","message":"ws:join_channel:9b3f0e1e-d681-4a4b-bf56-68c1c1f28862","timestamp":"2026-04-06T08:04:48.431Z"}
{"level":"info","message":"ws:leave_channel:9b3f0e1e-d681-4a4b-bf56-68c1c1f28862","timestamp":"2026-04-06T08:06:19.741Z"}
{"level":"info","message":"ws:join_channel:9b3f0e1e-d681-4a4b-bf56-68c1c1f28862","timestamp":"2026-04-06T08:06:19.878Z"}
{"level":"info","message":"ws:leave_channel:9b3f0e1e-d681-4a4b-bf56-68c1c1f28862","timestamp":"2026-04-06T08:07:46.944Z"}
{"level":"info","message":"ws:join_channel:9b3f0e1e-d681-4a4b-bf56-68c1c1f28862","timestamp":"2026-04-06T08:07:47.042Z"}
{"level":"info","message":"ws:leave_channel:9b3f0e1e-d681-4a4b-bf56-68c1c1f28862","timestamp":"2026-04-06T08:07:47.124Z"}
{"level":"info","message":"ws:join_channel:9b3f0e1e-d681-4a4b-bf56-68c1c1f28862","timestamp":"2026-04-06T08:07:47.189Z"}
{"level":"info","message":"ws:leave_channel:9b3f0e1e-d681-4a4b-bf56-68c1c1f28862","timestamp":"2026-04-06T08:08:16.135Z"}
{"level":"info","message":"ws:join_channel:9b3f0e1e-d681-4a4b-bf56-68c1c1f28862","timestamp":"2026-04-06T08:08:16.273Z"}
{"level":"info","message":"ws:leave_channel:9b3f0e1e-d681-4a4b-bf56-68c1c1f28862","timestamp":"2026-04-06T08:08:16.362Z"}
{"level":"info","message":"ws:join_channel:9b3f0e1e-d681-4a4b-bf56-68c1c1f28862","timestamp":"2026-04-06T08:08:16.419Z"}
{"level":"info","message":"ws:leave_channel:9b3f0e1e-d681-4a4b-bf56-68c1c1f28862","timestamp":"2026-04-06T08:08:17.718Z"}
{"level":"info","message":"Client disconnected: cURmuSLvzHsTUteoAAAL","timestamp":"2026-04-06T08:08:18.429Z"}
{"level":"info","message":"ws:leave_channel:9b3f0e1e-d681-4a4b-bf56-68c1c1f28862","timestamp":"2026-04-06T08:08:26.790Z"}
{"level":"info","message":"ws:leave_channel:9b3f0e1e-d681-4a4b-bf56-68c1c1f28862","timestamp":"2026-04-06T08:08:26.854Z"}
{"level":"info","message":"ws:join_channel:9b3f0e1e-d681-4a4b-bf56-68c1c1f28862","timestamp":"2026-04-06T08:08:26.864Z"}
{"level":"info","message":"ws:join_channel:9b3f0e1e-d681-4a4b-bf56-68c1c1f28862","timestamp":"2026-04-06T08:08:26.893Z"}
{"level":"info","message":"Client connected: -Z01KKiUn06rNthAAAAN","timestamp":"2026-04-06T08:08:28.621Z"}
{"level":"info","message":"ws:join_channel:9b3f0e1e-d681-4a4b-bf56-68c1c1f28862","timestamp":"2026-04-06T08:08:45.261Z"}
{"level":"info","message":"ws:leave_channel:9b3f0e1e-d681-4a4b-bf56-68c1c1f28862","timestamp":"2026-04-06T08:08:45.333Z"}
{"level":"info","message":"ws:join_channel:9b3f0e1e-d681-4a4b-bf56-68c1c1f28862","timestamp":"2026-04-06T08:08:45.364Z"}
{"level":"info","message":"ws:leave_channel:9b3f0e1e-d681-4a4b-bf56-68c1c1f28862","timestamp":"2026-04-06T08:11:13.645Z"}
{"level":"info","message":"ws:join_channel:9b3f0e1e-d681-4a4b-bf56-68c1c1f28862","timestamp":"2026-04-06T08:11:13.928Z"}
{"level":"info","message":"ws:leave_channel:9b3f0e1e-d681-4a4b-bf56-68c1c1f28862","timestamp":"2026-04-06T08:11:13.984Z"}
{"level":"info","message":"ws:join_channel:9b3f0e1e-d681-4a4b-bf56-68c1c1f28862","timestamp":"2026-04-06T08:11:14.013Z"}
{"level":"info","message":"ws:leave_channel:9b3f0e1e-d681-4a4b-bf56-68c1c1f28862","timestamp":"2026-04-06T08:13:26.197Z"}
{"level":"info","message":"ws:join_channel:9b3f0e1e-d681-4a4b-bf56-68c1c1f28862","timestamp":"2026-04-06T08:13:26.429Z"}
{"level":"info","message":"ws:leave_channel:9b3f0e1e-d681-4a4b-bf56-68c1c1f28862","timestamp":"2026-04-06T08:13:26.792Z"}
{"level":"info","message":"ws:join_channel:9b3f0e1e-d681-4a4b-bf56-68c1c1f28862","timestamp":"2026-04-06T08:13:26.871Z"}
{"level":"info","message":"ws:leave_channel:9b3f0e1e-d681-4a4b-bf56-68c1c1f28862","timestamp":"2026-04-06T08:20:28.195Z"}
{"level":"info","message":"ws:leave_channel:9b3f0e1e-d681-4a4b-bf56-68c1c1f28862","timestamp":"2026-04-06T08:20:28.211Z"}
{"level":"error","message":"Failed to fetch channel member: TypeError: fetch failed","timestamp":"2026-04-06T08:20:28.264Z"}
{"level":"info","message":"ws:leave_channel:9b3f0e1e-d681-4a4b-bf56-68c1c1f28862","timestamp":"2026-04-06T08:20:28.265Z"}
{"level":"error","message":"Failed to fetch channel member: TypeError: fetch failed","timestamp":"2026-04-06T08:20:28.267Z"}
{"level":"info","message":"Client disconnected: -Z01KKiUn06rNthAAAAN","timestamp":"2026-04-06T08:20:30.433Z"}
{"level":"info","message":"Client connected: SPnGoKDtLfbYoR4aAAAR","timestamp":"2026-04-06T08:20:40.501Z"}
{"level":"info","message":"ws:join_channel:9b3f0e1e-d681-4a4b-bf56-68c1c1f28862","timestamp":"2026-04-06T08:20:40.749Z"}
{"level":"info","message":"ws:leave_channel:9b3f0e1e-d681-4a4b-bf56-68c1c1f28862","timestamp":"2026-04-06T08:20:40.856Z"}
{"level":"info","message":"ws:join_channel:9b3f0e1e-d681-4a4b-bf56-68c1c1f28862","timestamp":"2026-04-06T08:20:40.873Z"}
{"level":"info","message":"ws:leave_channel:9b3f0e1e-d681-4a4b-bf56-68c1c1f28862","timestamp":"2026-04-06T08:20:56.623Z"}
{"level":"info","message":"Client disconnected: SPnGoKDtLfbYoR4aAAAR","timestamp":"2026-04-06T08:20:56.785Z"}
{"level":"info","message":"Client connected: yoNBX9rMv3DCSZFzAAAT","timestamp":"2026-04-06T08:20:57.382Z"}
{"level":"info","message":"ws:join_channel:9b3f0e1e-d681-4a4b-bf56-68c1c1f28862","timestamp":"2026-04-06T08:20:57.790Z"}
{"level":"info","message":"ws:leave_channel:9b3f0e1e-d681-4a4b-bf56-68c1c1f28862","timestamp":"2026-04-06T08:20:57.847Z"}
{"level":"info","message":"ws:join_channel:9b3f0e1e-d681-4a4b-bf56-68c1c1f28862","timestamp":"2026-04-06T08:20:57.872Z"}
{"level":"info","message":"ws:leave_channel:9b3f0e1e-d681-4a4b-bf56-68c1c1f28862","timestamp":"2026-04-06T08:25:57.627Z"}
{"level":"info","message":"ws:join_channel:9b3f0e1e-d681-4a4b-bf56-68c1c1f28862","timestamp":"2026-04-06T08:25:57.896Z"}
{"level":"info","message":"ws:leave_channel:9b3f0e1e-d681-4a4b-bf56-68c1c1f28862","timestamp":"2026-04-06T08:27:29.714Z"}
{"level":"info","message":"ws:leave_channel:9b3f0e1e-d681-4a4b-bf56-68c1c1f28862","timestamp":"2026-04-06T08:27:29.950Z"}
{"level":"info","message":"ws:join_channel:9b3f0e1e-d681-4a4b-bf56-68c1c1f28862","timestamp":"2026-04-06T08:27:29.953Z"}
{"level":"info","message":"ws:join_channel:9b3f0e1e-d681-4a4b-bf56-68c1c1f28862","timestamp":"2026-04-06T08:27:29.968Z"}
{"level":"info","message":"ws:leave_channel:9b3f0e1e-d681-4a4b-bf56-68c1c1f28862","timestamp":"2026-04-06T08:27:30.005Z"}
{"level":"info","message":"ws:join_channel:9b3f0e1e-d681-4a4b-bf56-68c1c1f28862","timestamp":"2026-04-06T08:27:30.033Z"}
{"level":"info","message":"ws:leave_channel:9b3f0e1e-d681-4a4b-bf56-68c1c1f28862","timestamp":"2026-04-06T08:27:30.764Z"}
{"level":"info","message":"Client disconnected: yoNBX9rMv3DCSZFzAAAT","timestamp":"2026-04-06T08:27:31.907Z"}
{"level":"info","message":"Client connected: DN1RWvcG0hAnDJzHAAAV","timestamp":"2026-04-06T08:27:32.899Z"}
{"level":"info","message":"ws:join_channel:9b3f0e1e-d681-4a4b-bf56-68c1c1f28862","timestamp":"2026-04-06T08:27:33.170Z"}
{"level":"info","message":"ws:leave_channel:9b3f0e1e-d681-4a4b-bf56-68c1c1f28862","timestamp":"2026-04-06T08:27:33.247Z"}
{"level":"info","message":"ws:join_channel:9b3f0e1e-d681-4a4b-bf56-68c1c1f28862","timestamp":"2026-04-06T08:27:33.264Z"}
{"level":"info","message":"ws:leave_channel:9b3f0e1e-d681-4a4b-bf56-68c1c1f28862","timestamp":"2026-04-06T08:30:00.677Z"}
{"level":"info","message":"Client disconnected: DN1RWvcG0hAnDJzHAAAV","timestamp":"2026-04-06T08:30:00.859Z"}
{"level":"info","message":"Client connected: bbUAoKZ0o0K0VatMAAAX","timestamp":"2026-04-06T08:30:01.842Z"}
{"level":"info","message":"Client disconnected: bbUAoKZ0o0K0VatMAAAX","timestamp":"2026-04-06T08:30:04.706Z"}
{"level":"info","message":"Client connected: TwA2VdGvvEQ4oFfxAAAZ","timestamp":"2026-04-06T08:30:05.502Z"}
{"level":"info","message":"ws:leave_channel:9b3f0e1e-d681-4a4b-bf56-68c1c1f28862","timestamp":"2026-04-06T08:30:06.063Z"}
{"level":"info","message":"ws:join_channel:9b3f0e1e-d681-4a4b-bf56-68c1c1f28862","timestamp":"2026-04-06T08:30:06.106Z"}
{"level":"info","message":"ws:join_channel:9b3f0e1e-d681-4a4b-bf56-68c1c1f28862","timestamp":"2026-04-06T08:30:06.109Z"}
{"level":"info","message":"ws:leave_channel:9b3f0e1e-d681-4a4b-bf56-68c1c1f28862","timestamp":"2026-04-06T08:30:24.824Z"}
{"level":"info","message":"Client disconnected: TwA2VdGvvEQ4oFfxAAAZ","timestamp":"2026-04-06T08:30:25.127Z"}
{"level":"info","message":"Client connected: 6GIAXfHhdlwPriEeAAAb","timestamp":"2026-04-06T08:30:26.053Z"}
{"level":"info","message":"ws:join_channel:9b3f0e1e-d681-4a4b-bf56-68c1c1f28862","timestamp":"2026-04-06T08:30:26.196Z"}
{"level":"info","message":"ws:leave_channel:9b3f0e1e-d681-4a4b-bf56-68c1c1f28862","timestamp":"2026-04-06T08:30:26.412Z"}
{"level":"info","message":"ws:join_channel:9b3f0e1e-d681-4a4b-bf56-68c1c1f28862","timestamp":"2026-04-06T08:30:26.542Z"}
{"level":"info","message":"ws:leave_channel:9b3f0e1e-d681-4a4b-bf56-68c1c1f28862","timestamp":"2026-04-06T08:30:53.270Z"}
{"level":"info","message":"Client disconnected: 6GIAXfHhdlwPriEeAAAb","timestamp":"2026-04-06T08:30:53.480Z"}
{"level":"info","message":"Client connected: fIetA-R2sYDanut7AAAd","timestamp":"2026-04-06T08:30:54.235Z"}
{"level":"info","message":"ws:join_channel:9b3f0e1e-d681-4a4b-bf56-68c1c1f28862","timestamp":"2026-04-06T08:30:54.672Z"}
{"level":"info","message":"ws:leave_channel:9b3f0e1e-d681-4a4b-bf56-68c1c1f28862","timestamp":"2026-04-06T08:30:54.807Z"}
{"level":"info","message":"ws:join_channel:9b3f0e1e-d681-4a4b-bf56-68c1c1f28862","timestamp":"2026-04-06T08:30:54.862Z"}
{"level":"info","message":"ws:leave_channel:9b3f0e1e-d681-4a4b-bf56-68c1c1f28862","timestamp":"2026-04-06T08:31:28.751Z"}
{"level":"info","message":"Client disconnected: fIetA-R2sYDanut7AAAd","timestamp":"2026-04-06T08:31:29.334Z"}
{"level":"info","message":"Client connected: c1BC4GSmExnUzbLMAAAf","timestamp":"2026-04-06T08:31:30.365Z"}
{"level":"info","message":"ws:join_channel:9b3f0e1e-d681-4a4b-bf56-68c1c1f28862","timestamp":"2026-04-06T08:31:30.473Z"}
{"level":"info","message":"ws:leave_channel:9b3f0e1e-d681-4a4b-bf56-68c1c1f28862","timestamp":"2026-04-06T08:31:30.541Z"}
{"level":"info","message":"ws:join_channel:9b3f0e1e-d681-4a4b-bf56-68c1c1f28862","timestamp":"2026-04-06T08:31:30.720Z"}
{"level":"info","message":"Client disconnected: PrrgySWTUj4ZbSvzAAAJ","timestamp":"2026-04-06T08:33:13.329Z"}
{"level":"info","message":"ws:leave_channel:9b3f0e1e-d681-4a4b-bf56-68c1c1f28862","timestamp":"2026-04-06T08:33:13.640Z"}
{"level":"info","message":"ws:join_channel:9b3f0e1e-d681-4a4b-bf56-68c1c1f28862","timestamp":"2026-04-06T08:33:13.712Z"}
{"level":"info","message":"ws:leave_channel:9b3f0e1e-d681-4a4b-bf56-68c1c1f28862","timestamp":"2026-04-06T08:33:13.714Z"}
{"level":"info","message":"ws:join_channel:9b3f0e1e-d681-4a4b-bf56-68c1c1f28862","timestamp":"2026-04-06T08:33:13.740Z"}
{"level":"info","message":"ws:leave_channel:9b3f0e1e-d681-4a4b-bf56-68c1c1f28862","timestamp":"2026-04-06T08:33:59.551Z"}
{"level":"info","message":"Client disconnected: c1BC4GSmExnUzbLMAAAf","timestamp":"2026-04-06T08:34:00.229Z"}
{"level":"info","message":"Client connected: o5WJAPly5GsCRNAJAAAj","timestamp":"2026-04-06T08:34:01.108Z"}
{"level":"info","message":"ws:join_channel:9b3f0e1e-d681-4a4b-bf56-68c1c1f28862","timestamp":"2026-04-06T08:34:01.226Z"}
{"level":"info","message":"ws:leave_channel:9b3f0e1e-d681-4a4b-bf56-68c1c1f28862","timestamp":"2026-04-06T08:34:01.345Z"}
{"level":"info","message":"ws:join_channel:9b3f0e1e-d681-4a4b-bf56-68c1c1f28862","timestamp":"2026-04-06T08:34:01.436Z"}
{"level":"info","message":"ws:leave_channel:9b3f0e1e-d681-4a4b-bf56-68c1c1f28862","timestamp":"2026-04-06T08:34:11.121Z"}
{"level":"info","message":"Client disconnected: o5WJAPly5GsCRNAJAAAj","timestamp":"2026-04-06T08:34:12.565Z"}
{"level":"info","message":"Client connected: GVQVOBrtJU2hMWfbAAAp","timestamp":"2026-04-06T08:34:34.032Z"}
{"level":"info","message":"ws:join_channel:9b3f0e1e-d681-4a4b-bf56-68c1c1f28862","timestamp":"2026-04-06T08:34:36.212Z"}
{"level":"info","message":"ws:leave_channel:9b3f0e1e-d681-4a4b-bf56-68c1c1f28862","timestamp":"2026-04-06T08:34:36.274Z"}
{"level":"info","message":"ws:join_channel:9b3f0e1e-d681-4a4b-bf56-68c1c1f28862","timestamp":"2026-04-06T08:34:36.296Z"}
{"level":"info","message":"ws:leave_channel:9b3f0e1e-d681-4a4b-bf56-68c1c1f28862","timestamp":"2026-04-06T08:34:37.907Z"}
{"level":"info","message":"Client disconnected: GVQVOBrtJU2hMWfbAAAp","timestamp":"2026-04-06T08:34:38.015Z"}
{"level":"info","message":"Client connected: WPBbEwSab0fEeswSAAAr","timestamp":"2026-04-06T08:34:38.516Z"}
{"level":"info","message":"ws:join_channel:9b3f0e1e-d681-4a4b-bf56-68c1c1f28862","timestamp":"2026-04-06T08:34:38.929Z"}
{"level":"info","message":"ws:leave_channel:9b3f0e1e-d681-4a4b-bf56-68c1c1f28862","timestamp":"2026-04-06T08:34:39.046Z"}
{"level":"info","message":"ws:join_channel:9b3f0e1e-d681-4a4b-bf56-68c1c1f28862","timestamp":"2026-04-06T08:34:39.068Z"}
{"level":"info","message":"ws:leave_channel:9b3f0e1e-d681-4a4b-bf56-68c1c1f28862","timestamp":"2026-04-06T08:34:40.838Z"}
{"level":"info","message":"Client disconnected: WPBbEwSab0fEeswSAAAr","timestamp":"2026-04-06T08:34:40.955Z"}
{"level":"info","message":"Client connected: b8LxWBrbyGWeN3H-AAAt","timestamp":"2026-04-06T08:34:41.508Z"}
{"level":"info","message":"ws:join_channel:9b3f0e1e-d681-4a4b-bf56-68c1c1f28862","timestamp":"2026-04-06T08:34:41.867Z"}
{"level":"info","message":"ws:leave_channel:9b3f0e1e-d681-4a4b-bf56-68c1c1f28862","timestamp":"2026-04-06T08:34:42.077Z"}
{"level":"info","message":"ws:join_channel:9b3f0e1e-d681-4a4b-bf56-68c1c1f28862","timestamp":"2026-04-06T08:34:42.120Z"}
{"level":"info","message":"ws:leave_channel:9b3f0e1e-d681-4a4b-bf56-68c1c1f28862","timestamp":"2026-04-06T08:34:44.029Z"}
{"level":"info","message":"ws:join_channel:9b3f0e1e-d681-4a4b-bf56-68c1c1f28862","timestamp":"2026-04-06T08:34:48.562Z"}
{"level":"info","message":"ws:leave_channel:9b3f0e1e-d681-4a4b-bf56-68c1c1f28862","timestamp":"2026-04-06T08:34:48.603Z"}
{"level":"info","message":"ws:join_channel:9b3f0e1e-d681-4a4b-bf56-68c1c1f28862","timestamp":"2026-04-06T08:34:48.624Z"}
{"level":"info","message":"ws:leave_channel:9b3f0e1e-d681-4a4b-bf56-68c1c1f28862","timestamp":"2026-04-06T08:34:48.674Z"}
{"level":"info","message":"ws:join_channel:9b3f0e1e-d681-4a4b-bf56-68c1c1f28862","timestamp":"2026-04-06T08:34:48.696Z"}
{"level":"info","message":"ws:send_message channel:9b3f0e1e-d681-4a4b-bf56-68c1c1f28862 content:ㅎㅇ","timestamp":"2026-04-06T08:34:51.089Z"}
{"level":"info","message":"Client connected: Xfe0bgwZo7sw4SQpAAAx","timestamp":"2026-04-06T08:35:00.709Z"}
{"level":"info","message":"ws:join_channel:9b3f0e1e-d681-4a4b-bf56-68c1c1f28862","timestamp":"2026-04-06T08:35:00.978Z"}
{"level":"info","message":"ws:leave_channel:9b3f0e1e-d681-4a4b-bf56-68c1c1f28862","timestamp":"2026-04-06T08:35:01.046Z"}
{"level":"info","message":"ws:join_channel:9b3f0e1e-d681-4a4b-bf56-68c1c1f28862","timestamp":"2026-04-06T08:35:01.094Z"}
{"level":"info","message":"ws:send_message channel:9b3f0e1e-d681-4a4b-bf56-68c1c1f28862 content:안녕하세요","timestamp":"2026-04-06T08:35:05.680Z"}
{"level":"info","message":"ws:send_message channel:9b3f0e1e-d681-4a4b-bf56-68c1c1f28862 content:반갑습니다~","timestamp":"2026-04-06T08:35:13.140Z"}
{"level":"info","message":"ws:send_message channel:9b3f0e1e-d681-4a4b-bf56-68c1c1f28862 content:ㅋㅋ","timestamp":"2026-04-06T08:35:18.283Z"}
{"level":"info","message":"ws:leave_channel:9b3f0e1e-d681-4a4b-bf56-68c1c1f28862","timestamp":"2026-04-06T08:35:23.482Z"}
{"level":"info","message":"ws:join_channel:9b3f0e1e-d681-4a4b-bf56-68c1c1f28862","timestamp":"2026-04-06T08:35:23.578Z"}
{"level":"info","message":"ws:leave_channel:9b3f0e1e-d681-4a4b-bf56-68c1c1f28862","timestamp":"2026-04-06T08:35:23.664Z"}
{"level":"info","message":"ws:join_channel:9b3f0e1e-d681-4a4b-bf56-68c1c1f28862","timestamp":"2026-04-06T08:35:23.690Z"}
{"level":"info","message":"ws:leave_channel:9b3f0e1e-d681-4a4b-bf56-68c1c1f28862","timestamp":"2026-04-06T08:35:32.195Z"}
{"level":"info","message":"Client disconnected: b8LxWBrbyGWeN3H-AAAt","timestamp":"2026-04-06T08:35:32.319Z"}
{"level":"info","message":"Client connected: vfeuAwZsyS9w2px9AAAz","timestamp":"2026-04-06T08:35:33.191Z"}
{"level":"info","message":"ws:join_channel:9b3f0e1e-d681-4a4b-bf56-68c1c1f28862","timestamp":"2026-04-06T08:35:33.230Z"}
{"level":"info","message":"ws:leave_channel:9b3f0e1e-d681-4a4b-bf56-68c1c1f28862","timestamp":"2026-04-06T08:35:33.332Z"}
{"level":"info","message":"ws:join_channel:9b3f0e1e-d681-4a4b-bf56-68c1c1f28862","timestamp":"2026-04-06T08:35:33.366Z"}
{"level":"info","message":"ws:leave_channel:9b3f0e1e-d681-4a4b-bf56-68c1c1f28862","timestamp":"2026-04-06T08:35:39.242Z"}
{"level":"info","message":"Client disconnected: Xfe0bgwZo7sw4SQpAAAx","timestamp":"2026-04-06T08:35:39.428Z"}
{"level":"info","message":"Client connected: 14Bk_X5u9O1vFab4AAA1","timestamp":"2026-04-06T08:35:39.968Z"}
{"level":"info","message":"ws:join_channel:9b3f0e1e-d681-4a4b-bf56-68c1c1f28862","timestamp":"2026-04-06T08:35:40.197Z"}
{"level":"info","message":"ws:leave_channel:9b3f0e1e-d681-4a4b-bf56-68c1c1f28862","timestamp":"2026-04-06T08:35:40.348Z"}
{"level":"info","message":"ws:join_channel:9b3f0e1e-d681-4a4b-bf56-68c1c1f28862","timestamp":"2026-04-06T08:35:40.378Z"}
{"level":"info","message":"ws:leave_channel:9b3f0e1e-d681-4a4b-bf56-68c1c1f28862","timestamp":"2026-04-06T08:35:42.233Z"}
{"level":"info","message":"Client disconnected: vfeuAwZsyS9w2px9AAAz","timestamp":"2026-04-06T08:35:42.331Z"}
{"level":"info","message":"Client connected: jvwLL-UKpggE9dXgAAA3","timestamp":"2026-04-06T08:35:43.365Z"}
{"level":"info","message":"ws:join_channel:9b3f0e1e-d681-4a4b-bf56-68c1c1f28862","timestamp":"2026-04-06T08:35:43.611Z"}
{"level":"info","message":"ws:leave_channel:9b3f0e1e-d681-4a4b-bf56-68c1c1f28862","timestamp":"2026-04-06T08:35:43.704Z"}
{"level":"info","message":"ws:join_channel:9b3f0e1e-d681-4a4b-bf56-68c1c1f28862","timestamp":"2026-04-06T08:35:43.732Z"}
{"level":"info","message":"ws:leave_channel:9b3f0e1e-d681-4a4b-bf56-68c1c1f28862","timestamp":"2026-04-06T08:37:52.345Z"}
{"level":"info","message":"ws:leave_channel:9b3f0e1e-d681-4a4b-bf56-68c1c1f28862","timestamp":"2026-04-06T08:37:52.812Z"}
{"level":"info","message":"ws:leave_channel:9b3f0e1e-d681-4a4b-bf56-68c1c1f28862","timestamp":"2026-04-06T08:37:52.825Z"}
{"level":"info","message":"ws:leave_channel:9b3f0e1e-d681-4a4b-bf56-68c1c1f28862","timestamp":"2026-04-06T08:37:52.831Z"}
{"level":"info","message":"ws:join_channel:9b3f0e1e-d681-4a4b-bf56-68c1c1f28862","timestamp":"2026-04-06T08:37:53.239Z"}
{"level":"info","message":"ws:join_channel:9b3f0e1e-d681-4a4b-bf56-68c1c1f28862","timestamp":"2026-04-06T08:37:53.243Z"}
{"level":"info","message":"ws:join_channel:9b3f0e1e-d681-4a4b-bf56-68c1c1f28862","timestamp":"2026-04-06T08:37:53.243Z"}
{"level":"info","message":"ws:join_channel:9b3f0e1e-d681-4a4b-bf56-68c1c1f28862","timestamp":"2026-04-06T08:37:53.244Z"}
{"level":"info","message":"ws:leave_channel:9b3f0e1e-d681-4a4b-bf56-68c1c1f28862","timestamp":"2026-04-06T08:37:53.245Z"}
{"level":"info","message":"ws:leave_channel:9b3f0e1e-d681-4a4b-bf56-68c1c1f28862","timestamp":"2026-04-06T08:37:53.261Z"}
{"level":"info","message":"ws:join_channel:9b3f0e1e-d681-4a4b-bf56-68c1c1f28862","timestamp":"2026-04-06T08:37:53.274Z"}
{"level":"info","message":"ws:join_channel:9b3f0e1e-d681-4a4b-bf56-68c1c1f28862","timestamp":"2026-04-06T08:37:53.302Z"}
{"level":"info","message":"ws:leave_channel:9b3f0e1e-d681-4a4b-bf56-68c1c1f28862","timestamp":"2026-04-06T08:38:58.204Z"}
{"level":"info","message":"ws:leave_channel:9b3f0e1e-d681-4a4b-bf56-68c1c1f28862","timestamp":"2026-04-06T08:38:58.215Z"}
{"level":"info","message":"ws:leave_channel:9b3f0e1e-d681-4a4b-bf56-68c1c1f28862","timestamp":"2026-04-06T08:38:58.259Z"}
{"level":"info","message":"ws:leave_channel:9b3f0e1e-d681-4a4b-bf56-68c1c1f28862","timestamp":"2026-04-06T08:38:58.261Z"}
{"level":"info","message":"ws:join_channel:9b3f0e1e-d681-4a4b-bf56-68c1c1f28862","timestamp":"2026-04-06T08:38:58.302Z"}
{"level":"info","message":"ws:join_channel:9b3f0e1e-d681-4a4b-bf56-68c1c1f28862","timestamp":"2026-04-06T08:38:58.305Z"}
{"level":"info","message":"ws:join_channel:9b3f0e1e-d681-4a4b-bf56-68c1c1f28862","timestamp":"2026-04-06T08:38:58.313Z"}
{"level":"info","message":"ws:join_channel:9b3f0e1e-d681-4a4b-bf56-68c1c1f28862","timestamp":"2026-04-06T08:38:58.320Z"}
{"level":"info","message":"ws:leave_channel:9b3f0e1e-d681-4a4b-bf56-68c1c1f28862","timestamp":"2026-04-06T08:38:58.356Z"}
{"level":"info","message":"ws:leave_channel:9b3f0e1e-d681-4a4b-bf56-68c1c1f28862","timestamp":"2026-04-06T08:38:58.368Z"}
{"level":"info","message":"ws:join_channel:9b3f0e1e-d681-4a4b-bf56-68c1c1f28862","timestamp":"2026-04-06T08:38:58.374Z"}
{"level":"info","message":"ws:join_channel:9b3f0e1e-d681-4a4b-bf56-68c1c1f28862","timestamp":"2026-04-06T08:38:58.393Z"}
{"level":"info","message":"ws:leave_channel:9b3f0e1e-d681-4a4b-bf56-68c1c1f28862","timestamp":"2026-04-06T08:39:06.874Z"}
{"level":"info","message":"ws:join_channel:9b3f0e1e-d681-4a4b-bf56-68c1c1f28862","timestamp":"2026-04-06T08:39:06.918Z"}
{"level":"info","message":"ws:leave_channel:9b3f0e1e-d681-4a4b-bf56-68c1c1f28862","timestamp":"2026-04-06T08:39:06.971Z"}
{"level":"info","message":"ws:join_channel:9b3f0e1e-d681-4a4b-bf56-68c1c1f28862","timestamp":"2026-04-06T08:39:06.989Z"}
{"level":"info","message":"ws:leave_channel:9b3f0e1e-d681-4a4b-bf56-68c1c1f28862","timestamp":"2026-04-06T08:39:09.862Z"}
{"level":"info","message":"Client disconnected: jvwLL-UKpggE9dXgAAA3","timestamp":"2026-04-06T08:39:10.493Z"}
{"level":"info","message":"Client connected: OFZGQBBWksbEA6wmAAA5","timestamp":"2026-04-06T08:39:11.824Z"}
{"level":"info","message":"ws:join_channel:9b3f0e1e-d681-4a4b-bf56-68c1c1f28862","timestamp":"2026-04-06T08:39:12.143Z"}
{"level":"info","message":"ws:leave_channel:9b3f0e1e-d681-4a4b-bf56-68c1c1f28862","timestamp":"2026-04-06T08:39:12.202Z"}
{"level":"info","message":"ws:join_channel:9b3f0e1e-d681-4a4b-bf56-68c1c1f28862","timestamp":"2026-04-06T08:39:12.219Z"}
{"level":"info","message":"ws:leave_channel:9b3f0e1e-d681-4a4b-bf56-68c1c1f28862","timestamp":"2026-04-06T08:39:19.718Z"}
{"level":"info","message":"ws:join_channel:9b3f0e1e-d681-4a4b-bf56-68c1c1f28862","timestamp":"2026-04-06T08:39:19.754Z"}
{"level":"info","message":"ws:leave_channel:9b3f0e1e-d681-4a4b-bf56-68c1c1f28862","timestamp":"2026-04-06T08:39:19.790Z"}
{"level":"info","message":"ws:join_channel:9b3f0e1e-d681-4a4b-bf56-68c1c1f28862","timestamp":"2026-04-06T08:39:19.812Z"}
{"level":"info","message":"ws:leave_channel:9b3f0e1e-d681-4a4b-bf56-68c1c1f28862","timestamp":"2026-04-06T08:39:21.675Z"}
{"level":"info","message":"Client disconnected: 14Bk_X5u9O1vFab4AAA1","timestamp":"2026-04-06T08:39:21.851Z"}
{"level":"info","message":"Client connected: Eaz1WDrUOs-vq2wDAAA7","timestamp":"2026-04-06T08:39:22.716Z"}
{"level":"info","message":"ws:join_channel:9b3f0e1e-d681-4a4b-bf56-68c1c1f28862","timestamp":"2026-04-06T08:39:22.817Z"}
{"level":"info","message":"ws:leave_channel:9b3f0e1e-d681-4a4b-bf56-68c1c1f28862","timestamp":"2026-04-06T08:39:22.966Z"}
{"level":"info","message":"ws:join_channel:9b3f0e1e-d681-4a4b-bf56-68c1c1f28862","timestamp":"2026-04-06T08:39:22.992Z"}
{"level":"info","message":"ws:leave_channel:9b3f0e1e-d681-4a4b-bf56-68c1c1f28862","timestamp":"2026-04-06T08:40:25.929Z"}
{"level":"info","message":"ws:leave_channel:9b3f0e1e-d681-4a4b-bf56-68c1c1f28862","timestamp":"2026-04-06T08:40:25.948Z"}
{"level":"info","message":"ws:leave_channel:9b3f0e1e-d681-4a4b-bf56-68c1c1f28862","timestamp":"2026-04-06T08:40:25.952Z"}
{"level":"info","message":"ws:leave_channel:9b3f0e1e-d681-4a4b-bf56-68c1c1f28862","timestamp":"2026-04-06T08:40:26.000Z"}
{"level":"info","message":"ws:join_channel:9b3f0e1e-d681-4a4b-bf56-68c1c1f28862","timestamp":"2026-04-06T08:40:26.119Z"}
{"level":"info","message":"ws:join_channel:9b3f0e1e-d681-4a4b-bf56-68c1c1f28862","timestamp":"2026-04-06T08:40:26.126Z"}
{"level":"info","message":"ws:join_channel:9b3f0e1e-d681-4a4b-bf56-68c1c1f28862","timestamp":"2026-04-06T08:40:26.132Z"}
{"level":"info","message":"ws:join_channel:9b3f0e1e-d681-4a4b-bf56-68c1c1f28862","timestamp":"2026-04-06T08:40:26.133Z"}
{"level":"info","message":"ws:leave_channel:9b3f0e1e-d681-4a4b-bf56-68c1c1f28862","timestamp":"2026-04-06T08:40:26.173Z"}
{"level":"info","message":"ws:leave_channel:9b3f0e1e-d681-4a4b-bf56-68c1c1f28862","timestamp":"2026-04-06T08:40:26.188Z"}
{"level":"info","message":"ws:join_channel:9b3f0e1e-d681-4a4b-bf56-68c1c1f28862","timestamp":"2026-04-06T08:40:26.193Z"}
{"level":"info","message":"ws:join_channel:9b3f0e1e-d681-4a4b-bf56-68c1c1f28862","timestamp":"2026-04-06T08:40:26.204Z"}
{"level":"info","message":"ws:leave_channel:9b3f0e1e-d681-4a4b-bf56-68c1c1f28862","timestamp":"2026-04-06T08:42:42.263Z"}
{"level":"info","message":"ws:leave_channel:9b3f0e1e-d681-4a4b-bf56-68c1c1f28862","timestamp":"2026-04-06T08:42:42.264Z"}
{"level":"info","message":"ws:leave_channel:9b3f0e1e-d681-4a4b-bf56-68c1c1f28862","timestamp":"2026-04-06T08:42:42.301Z"}
{"level":"info","message":"ws:leave_channel:9b3f0e1e-d681-4a4b-bf56-68c1c1f28862","timestamp":"2026-04-06T08:42:42.463Z"}
{"level":"info","message":"ws:join_channel:9b3f0e1e-d681-4a4b-bf56-68c1c1f28862","timestamp":"2026-04-06T08:42:42.566Z"}
{"level":"info","message":"ws:join_channel:9b3f0e1e-d681-4a4b-bf56-68c1c1f28862","timestamp":"2026-04-06T08:42:42.569Z"}
{"level":"info","message":"ws:join_channel:9b3f0e1e-d681-4a4b-bf56-68c1c1f28862","timestamp":"2026-04-06T08:42:42.577Z"}
{"level":"info","message":"ws:join_channel:9b3f0e1e-d681-4a4b-bf56-68c1c1f28862","timestamp":"2026-04-06T08:42:42.580Z"}
{"level":"info","message":"ws:leave_channel:9b3f0e1e-d681-4a4b-bf56-68c1c1f28862","timestamp":"2026-04-06T08:42:42.602Z"}
{"level":"info","message":"ws:join_channel:9b3f0e1e-d681-4a4b-bf56-68c1c1f28862","timestamp":"2026-04-06T08:42:42.627Z"}
{"level":"info","message":"ws:leave_channel:9b3f0e1e-d681-4a4b-bf56-68c1c1f28862","timestamp":"2026-04-06T08:42:42.663Z"}
{"level":"info","message":"ws:join_channel:9b3f0e1e-d681-4a4b-bf56-68c1c1f28862","timestamp":"2026-04-06T08:42:42.683Z"}
{"level":"info","message":"ws:leave_channel:9b3f0e1e-d681-4a4b-bf56-68c1c1f28862","timestamp":"2026-04-06T08:42:51.345Z"}
{"level":"info","message":"ws:leave_channel:9b3f0e1e-d681-4a4b-bf56-68c1c1f28862","timestamp":"2026-04-06T08:42:51.348Z"}
{"level":"info","message":"ws:leave_channel:9b3f0e1e-d681-4a4b-bf56-68c1c1f28862","timestamp":"2026-04-06T08:42:51.374Z"}
{"level":"info","message":"ws:leave_channel:9b3f0e1e-d681-4a4b-bf56-68c1c1f28862","timestamp":"2026-04-06T08:42:51.395Z"}
{"level":"info","message":"ws:join_channel:9b3f0e1e-d681-4a4b-bf56-68c1c1f28862","timestamp":"2026-04-06T08:42:51.430Z"}
{"level":"info","message":"ws:join_channel:9b3f0e1e-d681-4a4b-bf56-68c1c1f28862","timestamp":"2026-04-06T08:42:51.432Z"}
{"level":"info","message":"ws:join_channel:9b3f0e1e-d681-4a4b-bf56-68c1c1f28862","timestamp":"2026-04-06T08:42:51.441Z"}
{"level":"info","message":"ws:join_channel:9b3f0e1e-d681-4a4b-bf56-68c1c1f28862","timestamp":"2026-04-06T08:42:51.444Z"}
{"level":"info","message":"ws:leave_channel:9b3f0e1e-d681-4a4b-bf56-68c1c1f28862","timestamp":"2026-04-06T08:42:51.628Z"}
{"level":"info","message":"ws:leave_channel:9b3f0e1e-d681-4a4b-bf56-68c1c1f28862","timestamp":"2026-04-06T08:42:51.638Z"}
{"level":"info","message":"ws:join_channel:9b3f0e1e-d681-4a4b-bf56-68c1c1f28862","timestamp":"2026-04-06T08:42:51.663Z"}
{"level":"info","message":"ws:join_channel:9b3f0e1e-d681-4a4b-bf56-68c1c1f28862","timestamp":"2026-04-06T08:42:51.671Z"}
{"level":"info","message":"ws:leave_channel:9b3f0e1e-d681-4a4b-bf56-68c1c1f28862","timestamp":"2026-04-06T08:42:55.562Z"}
{"level":"info","message":"ws:leave_channel:9b3f0e1e-d681-4a4b-bf56-68c1c1f28862","timestamp":"2026-04-06T08:42:55.570Z"}
{"level":"info","message":"ws:leave_channel:9b3f0e1e-d681-4a4b-bf56-68c1c1f28862","timestamp":"2026-04-06T08:42:55.655Z"}
{"level":"info","message":"ws:leave_channel:9b3f0e1e-d681-4a4b-bf56-68c1c1f28862","timestamp":"2026-04-06T08:42:55.657Z"}
{"level":"info","message":"ws:join_channel:9b3f0e1e-d681-4a4b-bf56-68c1c1f28862","timestamp":"2026-04-06T08:42:55.755Z"}
{"level":"info","message":"ws:join_channel:9b3f0e1e-d681-4a4b-bf56-68c1c1f28862","timestamp":"2026-04-06T08:42:55.756Z"}
{"level":"info","message":"ws:join_channel:9b3f0e1e-d681-4a4b-bf56-68c1c1f28862","timestamp":"2026-04-06T08:42:55.756Z"}
{"level":"info","message":"ws:join_channel:9b3f0e1e-d681-4a4b-bf56-68c1c1f28862","timestamp":"2026-04-06T08:42:55.765Z"}
{"level":"info","message":"ws:leave_channel:9b3f0e1e-d681-4a4b-bf56-68c1c1f28862","timestamp":"2026-04-06T08:42:55.806Z"}
{"level":"info","message":"ws:join_channel:9b3f0e1e-d681-4a4b-bf56-68c1c1f28862","timestamp":"2026-04-06T08:42:55.824Z"}
{"level":"info","message":"ws:leave_channel:9b3f0e1e-d681-4a4b-bf56-68c1c1f28862","timestamp":"2026-04-06T08:42:55.829Z"}
{"level":"info","message":"ws:join_channel:9b3f0e1e-d681-4a4b-bf56-68c1c1f28862","timestamp":"2026-04-06T08:42:55.856Z"}
{"level":"info","message":"ws:leave_channel:9b3f0e1e-d681-4a4b-bf56-68c1c1f28862","timestamp":"2026-04-06T08:42:59.786Z"}
{"level":"info","message":"ws:leave_channel:9b3f0e1e-d681-4a4b-bf56-68c1c1f28862","timestamp":"2026-04-06T08:42:59.791Z"}
{"level":"info","message":"ws:leave_channel:9b3f0e1e-d681-4a4b-bf56-68c1c1f28862","timestamp":"2026-04-06T08:42:59.822Z"}
{"level":"info","message":"ws:leave_channel:9b3f0e1e-d681-4a4b-bf56-68c1c1f28862","timestamp":"2026-04-06T08:42:59.829Z"}
{"level":"info","message":"ws:join_channel:9b3f0e1e-d681-4a4b-bf56-68c1c1f28862","timestamp":"2026-04-06T08:42:59.856Z"}
{"level":"info","message":"ws:join_channel:9b3f0e1e-d681-4a4b-bf56-68c1c1f28862","timestamp":"2026-04-06T08:42:59.856Z"}
{"level":"info","message":"ws:join_channel:9b3f0e1e-d681-4a4b-bf56-68c1c1f28862","timestamp":"2026-04-06T08:42:59.858Z"}
{"level":"info","message":"ws:join_channel:9b3f0e1e-d681-4a4b-bf56-68c1c1f28862","timestamp":"2026-04-06T08:42:59.864Z"}
{"level":"info","message":"ws:leave_channel:9b3f0e1e-d681-4a4b-bf56-68c1c1f28862","timestamp":"2026-04-06T08:42:59.909Z"}
{"level":"info","message":"ws:join_channel:9b3f0e1e-d681-4a4b-bf56-68c1c1f28862","timestamp":"2026-04-06T08:42:59.928Z"}
{"level":"info","message":"ws:leave_channel:9b3f0e1e-d681-4a4b-bf56-68c1c1f28862","timestamp":"2026-04-06T08:42:59.934Z"}
{"level":"info","message":"ws:join_channel:9b3f0e1e-d681-4a4b-bf56-68c1c1f28862","timestamp":"2026-04-06T08:42:59.958Z"}
{"level":"info","message":"ws:leave_channel:9b3f0e1e-d681-4a4b-bf56-68c1c1f28862","timestamp":"2026-04-06T08:43:04.424Z"}
{"level":"info","message":"ws:leave_channel:9b3f0e1e-d681-4a4b-bf56-68c1c1f28862","timestamp":"2026-04-06T08:43:04.426Z"}
{"level":"info","message":"ws:leave_channel:9b3f0e1e-d681-4a4b-bf56-68c1c1f28862","timestamp":"2026-04-06T08:43:04.482Z"}
{"level":"info","message":"ws:leave_channel:9b3f0e1e-d681-4a4b-bf56-68c1c1f28862","timestamp":"2026-04-06T08:43:04.486Z"}
{"level":"info","message":"ws:join_channel:9b3f0e1e-d681-4a4b-bf56-68c1c1f28862","timestamp":"2026-04-06T08:43:04.526Z"}
{"level":"info","message":"ws:join_channel:9b3f0e1e-d681-4a4b-bf56-68c1c1f28862","timestamp":"2026-04-06T08:43:04.527Z"}
{"level":"info","message":"ws:join_channel:9b3f0e1e-d681-4a4b-bf56-68c1c1f28862","timestamp":"2026-04-06T08:43:04.527Z"}
{"level":"info","message":"ws:join_channel:9b3f0e1e-d681-4a4b-bf56-68c1c1f28862","timestamp":"2026-04-06T08:43:04.528Z"}
{"level":"info","message":"ws:leave_channel:9b3f0e1e-d681-4a4b-bf56-68c1c1f28862","timestamp":"2026-04-06T08:43:04.596Z"}
{"level":"info","message":"ws:leave_channel:9b3f0e1e-d681-4a4b-bf56-68c1c1f28862","timestamp":"2026-04-06T08:43:04.616Z"}
{"level":"info","message":"ws:join_channel:9b3f0e1e-d681-4a4b-bf56-68c1c1f28862","timestamp":"2026-04-06T08:43:04.616Z"}
{"level":"info","message":"ws:join_channel:9b3f0e1e-d681-4a4b-bf56-68c1c1f28862","timestamp":"2026-04-06T08:43:04.638Z"}
{"level":"info","message":"ws:leave_channel:9b3f0e1e-d681-4a4b-bf56-68c1c1f28862","timestamp":"2026-04-06T08:44:10.306Z"}
{"level":"info","message":"ws:join_channel:9b3f0e1e-d681-4a4b-bf56-68c1c1f28862","timestamp":"2026-04-06T08:44:10.432Z"}
{"level":"info","message":"ws:leave_channel:9b3f0e1e-d681-4a4b-bf56-68c1c1f28862","timestamp":"2026-04-06T08:44:21.936Z"}
{"level":"info","message":"ws:join_channel:9b3f0e1e-d681-4a4b-bf56-68c1c1f28862","timestamp":"2026-04-06T08:44:22.029Z"}
{"level":"info","message":"ws:leave_channel:9b3f0e1e-d681-4a4b-bf56-68c1c1f28862","timestamp":"2026-04-06T08:44:49.763Z"}
{"level":"info","message":"ws:leave_channel:9b3f0e1e-d681-4a4b-bf56-68c1c1f28862","timestamp":"2026-04-06T08:44:49.767Z"}
{"level":"info","message":"ws:leave_channel:9b3f0e1e-d681-4a4b-bf56-68c1c1f28862","timestamp":"2026-04-06T08:44:49.924Z"}
{"level":"info","message":"ws:leave_channel:9b3f0e1e-d681-4a4b-bf56-68c1c1f28862","timestamp":"2026-04-06T08:44:49.929Z"}
{"level":"info","message":"ws:join_channel:9b3f0e1e-d681-4a4b-bf56-68c1c1f28862","timestamp":"2026-04-06T08:44:50.091Z"}
{"level":"info","message":"ws:leave_channel:9b3f0e1e-d681-4a4b-bf56-68c1c1f28862","timestamp":"2026-04-06T08:44:50.100Z"}
{"level":"info","message":"ws:join_channel:9b3f0e1e-d681-4a4b-bf56-68c1c1f28862","timestamp":"2026-04-06T08:44:50.106Z"}
{"level":"info","message":"ws:join_channel:9b3f0e1e-d681-4a4b-bf56-68c1c1f28862","timestamp":"2026-04-06T08:44:50.106Z"}
{"level":"info","message":"ws:leave_channel:9b3f0e1e-d681-4a4b-bf56-68c1c1f28862","timestamp":"2026-04-06T08:44:50.114Z"}
{"level":"info","message":"ws:join_channel:9b3f0e1e-d681-4a4b-bf56-68c1c1f28862","timestamp":"2026-04-06T08:44:50.131Z"}
{"level":"info","message":"ws:join_channel:9b3f0e1e-d681-4a4b-bf56-68c1c1f28862","timestamp":"2026-04-06T08:44:50.335Z"}
{"level":"info","message":"ws:join_channel:9b3f0e1e-d681-4a4b-bf56-68c1c1f28862","timestamp":"2026-04-06T08:44:50.336Z"}
{"level":"info","message":"ws:leave_channel:9b3f0e1e-d681-4a4b-bf56-68c1c1f28862","timestamp":"2026-04-06T08:44:50.430Z"}
{"level":"info","message":"ws:leave_channel:9b3f0e1e-d681-4a4b-bf56-68c1c1f28862","timestamp":"2026-04-06T08:44:50.430Z"}
{"level":"info","message":"ws:join_channel:9b3f0e1e-d681-4a4b-bf56-68c1c1f28862","timestamp":"2026-04-06T08:44:50.611Z"}
{"level":"info","message":"ws:join_channel:9b3f0e1e-d681-4a4b-bf56-68c1c1f28862","timestamp":"2026-04-06T08:44:50.612Z"}
{"level":"info","message":"ws:send_message channel:9b3f0e1e-d681-4a4b-bf56-68c1c1f28862 content:1","timestamp":"2026-04-06T08:45:23.401Z"}
{"level":"info","message":"ws:send_message channel:9b3f0e1e-d681-4a4b-bf56-68c1c1f28862 content:2","timestamp":"2026-04-06T08:45:25.346Z"}
{"level":"info","message":"ws:leave_channel:9b3f0e1e-d681-4a4b-bf56-68c1c1f28862","timestamp":"2026-04-06T08:49:50.148Z"}
{"level":"info","message":"ws:join_channel:9b3f0e1e-d681-4a4b-bf56-68c1c1f28862","timestamp":"2026-04-06T08:49:50.191Z"}
{"level":"info","message":"ws:leave_channel:9b3f0e1e-d681-4a4b-bf56-68c1c1f28862","timestamp":"2026-04-06T08:49:50.373Z"}
{"level":"info","message":"ws:join_channel:9b3f0e1e-d681-4a4b-bf56-68c1c1f28862","timestamp":"2026-04-06T08:49:50.399Z"}
{"level":"info","message":"environment path: .env.development","timestamp":"2026-04-06T08:51:19.070Z"}
{"level":"info","message":"Server is running on port 4004","timestamp":"2026-04-06T08:51:19.070Z"}
{"level":"info","message":"Client connected: lAq2MkqxC1VECbvRAAAB","timestamp":"2026-04-06T08:51:20.028Z"}
{"level":"info","message":"Client connected: 4d3DnBjazNYWCjhPAAAD","timestamp":"2026-04-06T08:51:20.335Z"}
{"level":"info","message":"environment path: .env.development","timestamp":"2026-04-06T08:52:06.190Z"}
{"level":"info","message":"Server is running on port 4004","timestamp":"2026-04-06T08:52:06.190Z"}
{"level":"info","message":"Client connected: 7lncYjoeGfHHSovIAAAB","timestamp":"2026-04-06T08:52:06.691Z"}
{"level":"info","message":"Client connected: N81vs6DJmtnz86NgAAAD","timestamp":"2026-04-06T08:52:07.337Z"}
{"level":"info","message":"environment path: .env.development","timestamp":"2026-04-06T08:55:09.767Z"}
{"level":"info","message":"Server is running on port 4004","timestamp":"2026-04-06T08:55:09.767Z"}
{"level":"info","message":"Client connected: zwf3SU3ZFDXnfCfuAAAB","timestamp":"2026-04-06T08:55:10.192Z"}
{"level":"info","message":"Client connected: wD_ClURku3lf3EkkAAAD","timestamp":"2026-04-06T08:55:10.341Z"}
{"level":"info","message":"environment path: .env.development","timestamp":"2026-04-06T08:55:16.068Z"}
{"level":"info","message":"Server is running on port 4004","timestamp":"2026-04-06T08:55:16.068Z"}
{"level":"info","message":"Client connected: 1jlEeOGbWKCarZLLAAAB","timestamp":"2026-04-06T08:55:16.493Z"}
{"level":"info","message":"Client connected: ML3m17LeVQKVlxx5AAAD","timestamp":"2026-04-06T08:55:17.326Z"}
{"level":"info","message":"environment path: .env.development","timestamp":"2026-04-06T08:58:05.374Z"}
{"level":"info","message":"Server is running on port 4004","timestamp":"2026-04-06T08:58:05.374Z"}
{"level":"info","message":"Client connected: YBcMKmx2gwgzZ5j-AAAB","timestamp":"2026-04-06T08:58:05.772Z"}
{"level":"info","message":"Client connected: 8H3aqCQ68mfzuoDkAAAD","timestamp":"2026-04-06T08:58:06.334Z"}
{"level":"info","message":"environment path: .env.development","timestamp":"2026-04-06T08:59:00.950Z"}
{"level":"info","message":"Server is running on port 4004","timestamp":"2026-04-06T08:59:00.950Z"}
{"level":"info","message":"Client connected: h4QnySpnW6HnxOTOAAAB","timestamp":"2026-04-06T08:59:01.331Z"}
{"level":"info","message":"Client connected: WXXytYcNy31w9SnRAAAD","timestamp":"2026-04-06T08:59:01.965Z"}
{"level":"info","message":"environment path: .env.development","timestamp":"2026-04-06T08:59:08.238Z"}
{"level":"info","message":"Server is running on port 4004","timestamp":"2026-04-06T08:59:08.238Z"}
{"level":"info","message":"Client connected: Ba6A6S4t0ztNk3ZUAAAC","timestamp":"2026-04-06T08:59:09.342Z"}
{"level":"info","message":"Client connected: lTYFHIhD8RdBnmWDAAAD","timestamp":"2026-04-06T08:59:09.347Z"}
{"level":"info","message":"environment path: .env.development","timestamp":"2026-04-06T08:59:13.416Z"}
{"level":"info","message":"Server is running on port 4004","timestamp":"2026-04-06T08:59:13.416Z"}
{"level":"info","message":"Client connected: bE3L1rA1uqmFWMFcAAAB","timestamp":"2026-04-06T08:59:14.348Z"}
{"level":"info","message":"Client connected: uHBtDfSK8heWjVgPAAAD","timestamp":"2026-04-06T08:59:14.624Z"}
{"level":"info","message":"environment path: .env.development","timestamp":"2026-04-06T08:59:23.536Z"}
{"level":"info","message":"Server is running on port 4004","timestamp":"2026-04-06T08:59:23.536Z"}
{"level":"info","message":"Client connected: beZICLjFeTh1hk3VAAAB","timestamp":"2026-04-06T08:59:24.696Z"}
{"level":"info","message":"Client connected: U4wRQwN4oA0eCtRjAAAD","timestamp":"2026-04-06T08:59:25.341Z"}
{"level":"info","message":"ws:leave_channel:9b3f0e1e-d681-4a4b-bf56-68c1c1f28862","timestamp":"2026-04-06T09:01:39.394Z"}
{"level":"info","message":"ws:leave_channel:9b3f0e1e-d681-4a4b-bf56-68c1c1f28862","timestamp":"2026-04-06T09:01:39.616Z"}
{"level":"info","message":"ws:leave_channel:9b3f0e1e-d681-4a4b-bf56-68c1c1f28862","timestamp":"2026-04-06T09:01:39.620Z"}
{"level":"error","message":"Failed to fetch channel member: TypeError: fetch failed","timestamp":"2026-04-06T09:01:39.632Z"}
{"level":"error","message":"Failed to fetch channel member: TypeError: fetch failed","timestamp":"2026-04-06T09:01:39.634Z"}
{"level":"info","message":"Client disconnected: U4wRQwN4oA0eCtRjAAAD","timestamp":"2026-04-06T09:01:45.237Z"}
{"level":"info","message":"Client connected: PVVuETpybMfKFyuZAAAF","timestamp":"2026-04-06T09:01:46.427Z"}
{"level":"info","message":"ws:join_channel:9b3f0e1e-d681-4a4b-bf56-68c1c1f28862","timestamp":"2026-04-06T09:01:46.833Z"}
{"level":"info","message":"ws:leave_channel:9b3f0e1e-d681-4a4b-bf56-68c1c1f28862","timestamp":"2026-04-06T09:01:46.886Z"}
{"level":"info","message":"ws:join_channel:9b3f0e1e-d681-4a4b-bf56-68c1c1f28862","timestamp":"2026-04-06T09:01:46.984Z"}
{"level":"info","message":"ws:send_message channel:9b3f0e1e-d681-4a4b-bf56-68c1c1f28862 content:zz","timestamp":"2026-04-06T09:01:49.216Z"}
{"level":"info","message":"ws:leave_channel:9b3f0e1e-d681-4a4b-bf56-68c1c1f28862","timestamp":"2026-04-06T09:02:20.868Z"}
{"level":"info","message":"ws:leave_channel:9b3f0e1e-d681-4a4b-bf56-68c1c1f28862","timestamp":"2026-04-06T09:02:20.919Z"}
{"level":"info","message":"ws:leave_channel:9b3f0e1e-d681-4a4b-bf56-68c1c1f28862","timestamp":"2026-04-06T09:02:20.929Z"}
{"level":"info","message":"ws:join_channel:9b3f0e1e-d681-4a4b-bf56-68c1c1f28862","timestamp":"2026-04-06T09:02:20.966Z"}
{"level":"info","message":"ws:leave_channel:9b3f0e1e-d681-4a4b-bf56-68c1c1f28862","timestamp":"2026-04-06T09:02:20.971Z"}
{"level":"info","message":"ws:join_channel:9b3f0e1e-d681-4a4b-bf56-68c1c1f28862","timestamp":"2026-04-06T09:02:20.992Z"}
{"level":"info","message":"ws:join_channel:9b3f0e1e-d681-4a4b-bf56-68c1c1f28862","timestamp":"2026-04-06T09:02:20.998Z"}
{"level":"info","message":"ws:join_channel:9b3f0e1e-d681-4a4b-bf56-68c1c1f28862","timestamp":"2026-04-06T09:02:21.053Z"}
{"level":"info","message":"ws:leave_channel:9b3f0e1e-d681-4a4b-bf56-68c1c1f28862","timestamp":"2026-04-06T09:02:21.054Z"}
{"level":"info","message":"ws:leave_channel:9b3f0e1e-d681-4a4b-bf56-68c1c1f28862","timestamp":"2026-04-06T09:02:21.056Z"}
{"level":"info","message":"ws:join_channel:9b3f0e1e-d681-4a4b-bf56-68c1c1f28862","timestamp":"2026-04-06T09:02:21.072Z"}
{"level":"info","message":"ws:join_channel:9b3f0e1e-d681-4a4b-bf56-68c1c1f28862","timestamp":"2026-04-06T09:02:21.073Z"}
{"level":"info","message":"ws:leave_channel:9b3f0e1e-d681-4a4b-bf56-68c1c1f28862","timestamp":"2026-04-06T09:02:21.084Z"}
{"level":"info","message":"ws:join_channel:9b3f0e1e-d681-4a4b-bf56-68c1c1f28862","timestamp":"2026-04-06T09:02:21.110Z"}
{"level":"info","message":"ws:leave_channel:9b3f0e1e-d681-4a4b-bf56-68c1c1f28862","timestamp":"2026-04-06T09:02:21.898Z"}
{"level":"info","message":"ws:join_channel:9b3f0e1e-d681-4a4b-bf56-68c1c1f28862","timestamp":"2026-04-06T09:02:22.045Z"}
{"level":"info","message":"ws:leave_channel:9b3f0e1e-d681-4a4b-bf56-68c1c1f28862","timestamp":"2026-04-06T09:02:22.172Z"}
{"level":"info","message":"ws:join_channel:9b3f0e1e-d681-4a4b-bf56-68c1c1f28862","timestamp":"2026-04-06T09:02:22.245Z"}
{"level":"info","message":"ws:leave_channel:9b3f0e1e-d681-4a4b-bf56-68c1c1f28862","timestamp":"2026-04-06T09:02:23.870Z"}
{"level":"info","message":"Client disconnected: PVVuETpybMfKFyuZAAAF","timestamp":"2026-04-06T09:02:24.632Z"}
{"level":"info","message":"Client connected: L6RA0ubtsZrM-SsxAAAH","timestamp":"2026-04-06T09:02:25.912Z"}
{"level":"info","message":"ws:join_channel:9b3f0e1e-d681-4a4b-bf56-68c1c1f28862","timestamp":"2026-04-06T09:02:26.458Z"}
{"level":"info","message":"ws:leave_channel:9b3f0e1e-d681-4a4b-bf56-68c1c1f28862","timestamp":"2026-04-06T09:02:26.592Z"}
{"level":"info","message":"ws:join_channel:9b3f0e1e-d681-4a4b-bf56-68c1c1f28862","timestamp":"2026-04-06T09:02:26.621Z"}
{"level":"info","message":"ws:send_message channel:9b3f0e1e-d681-4a4b-bf56-68c1c1f28862 content:zz","timestamp":"2026-04-06T09:02:28.536Z"}
{"level":"info","message":"ws:send_message channel:9b3f0e1e-d681-4a4b-bf56-68c1c1f28862 content:아무도 안읽은상태","timestamp":"2026-04-06T09:02:32.524Z"}
{"level":"info","message":"ws:leave_channel:9b3f0e1e-d681-4a4b-bf56-68c1c1f28862","timestamp":"2026-04-06T09:02:36.183Z"}
{"level":"info","message":"Client disconnected: beZICLjFeTh1hk3VAAAB","timestamp":"2026-04-06T09:02:36.380Z"}
{"level":"info","message":"Client connected: WXGD1pnLIAK_Je7yAAAJ","timestamp":"2026-04-06T09:02:37.118Z"}
{"level":"info","message":"ws:join_channel:9b3f0e1e-d681-4a4b-bf56-68c1c1f28862","timestamp":"2026-04-06T09:02:37.295Z"}
{"level":"info","message":"ws:leave_channel:9b3f0e1e-d681-4a4b-bf56-68c1c1f28862","timestamp":"2026-04-06T09:02:37.442Z"}
{"level":"info","message":"ws:join_channel:9b3f0e1e-d681-4a4b-bf56-68c1c1f28862","timestamp":"2026-04-06T09:02:37.460Z"}
{"level":"info","message":"ws:leave_channel:9b3f0e1e-d681-4a4b-bf56-68c1c1f28862","timestamp":"2026-04-06T09:02:40.032Z"}
{"level":"info","message":"Client disconnected: L6RA0ubtsZrM-SsxAAAH","timestamp":"2026-04-06T09:02:40.209Z"}
{"level":"info","message":"Client connected: QgjBqVsv-5i5rkJxAAAL","timestamp":"2026-04-06T09:02:41.106Z"}
{"level":"info","message":"ws:join_channel:9b3f0e1e-d681-4a4b-bf56-68c1c1f28862","timestamp":"2026-04-06T09:02:41.301Z"}
{"level":"info","message":"ws:leave_channel:9b3f0e1e-d681-4a4b-bf56-68c1c1f28862","timestamp":"2026-04-06T09:02:41.374Z"}
{"level":"info","message":"ws:join_channel:9b3f0e1e-d681-4a4b-bf56-68c1c1f28862","timestamp":"2026-04-06T09:02:41.396Z"}
